month,day,hour,weekday,ride_count,weekday_num
4,1,0,Tuesday,138,1
4,1,1,Tuesday,66,1
4,1,2,Tuesday,53,1
4,1,3,Tuesday,93,1
4,1,4,Tuesday,166,1
4,1,5,Tuesday,333,1
4,1,6,Tuesday,722,1
4,1,7,Tuesday,1001,1
4,1,8,Tuesday,780,1
4,1,9,Tuesday,532,1
4,1,10,Tuesday,477,1
4,1,11,Tuesday,547,1
4,1,12,Tuesday,469,1
4,1,13,Tuesday,591,1
4,1,14,Tuesday,736,1
4,1,15,Tuesday,967,1
4,1,16,Tuesday,1152,1
4,1,17,Tuesday,1262,1
4,1,18,Tuesday,1122,1
4,1,19,Tuesday,1018,1
4,1,20,Tuesday,597,1
4,1,21,Tuesday,878,1
4,1,22,Tuesday,529,1
4,1,23,Tuesday,317,1
4,2,0,Wednesday,161,2
4,2,1,Wednesday,82,2
4,2,2,Wednesday,59,2
4,2,3,Wednesday,80,2
4,2,4,Wednesday,196,2
4,2,5,Wednesday,344,2
4,2,6,Wednesday,785,2
4,2,7,Wednesday,1099,2
4,2,8,Wednesday,927,2
4,2,9,Wednesday,656,2
4,2,10,Wednesday,658,2
4,2,11,Wednesday,706,2
4,2,12,Wednesday,632,2
4,2,13,Wednesday,709,2
4,2,14,Wednesday,868,2
4,2,15,Wednesday,1138,2
4,2,16,Wednesday,1313,2
4,2,17,Wednesday,1600,2
4,2,18,Wednesday,1252,2
4,2,19,Wednesday,1086,2
4,2,20,Wednesday,1143,2
4,2,21,Wednesday,994,2
4,2,22,Wednesday,638,2
4,2,23,Wednesday,348,2
4,3,0,Thursday,194,3
4,3,1,Thursday,106,3
4,3,2,Thursday,66,3
4,3,3,Thursday,130,3
4,3,4,Thursday,193,3
4,3,5,Thursday,354,3
4,3,6,Thursday,750,3
4,3,7,Thursday,1022,3
4,3,8,Thursday,864,3
4,3,9,Thursday,591,3
4,3,10,Thursday,558,3
4,3,11,Thursday,549,3
4,3,12,Thursday,619,3
4,3,13,Thursday,766,3
4,3,14,Thursday,934,3
4,3,15,Thursday,1247,3
4,3,16,Thursday,1438,3
4,3,17,Thursday,1640,3
4,3,18,Thursday,1628,3
4,3,19,Thursday,1374,3
4,3,20,Thursday,1591,3
4,3,21,Thursday,1714,3
4,3,22,Thursday,1580,3
4,3,23,Thursday,793,3
4,4,0,Friday,329,4
4,4,1,Friday,184,4
4,4,2,Friday,117,4
4,4,3,Friday,154,4
4,4,4,Friday,238,4
4,4,5,Friday,381,4
4,4,6,Friday,839,4
4,4,7,Friday,1202,4
4,4,8,Friday,1065,4
4,4,9,Friday,769,4
4,4,10,Friday,759,4
4,4,11,Friday,819,4
4,4,12,Friday,827,4
4,4,13,Friday,994,4
4,4,14,Friday,1190,4
4,4,15,Friday,1504,4
4,4,16,Friday,1865,4
4,4,17,Friday,2280,4
4,4,18,Friday,2449,4
4,4,19,Friday,2133,4
4,4,20,Friday,1489,4
4,4,21,Friday,1929,4
4,4,22,Friday,1859,4
4,4,23,Friday,1339,4
4,5,0,Saturday,723,5
4,5,1,Saturday,416,5
4,5,2,Saturday,215,5
4,5,3,Saturday,181,5
4,5,4,Saturday,153,5
4,5,5,Saturday,177,5
4,5,6,Saturday,206,5
4,5,7,Saturday,279,5
4,5,8,Saturday,340,5
4,5,9,Saturday,450,5
4,5,10,Saturday,530,5
4,5,11,Saturday,542,5
4,5,12,Saturday,657,5
4,5,13,Saturday,647,5
4,5,14,Saturday,704,5
4,5,15,Saturday,1078,5
4,5,16,Saturday,1313,5
4,5,17,Saturday,1445,5
4,5,18,Saturday,1575,5
4,5,19,Saturday,1440,5
4,5,20,Saturday,1348,5
4,5,21,Saturday,1572,5
4,5,22,Saturday,1830,5
4,5,23,Saturday,1700,5
4,6,0,Sunday,1485,6
4,6,1,Sunday,940,6
4,6,2,Sunday,501,6
4,6,3,Sunday,315,6
4,6,4,Sunday,201,6
4,6,5,Sunday,177,6
4,6,6,Sunday,174,6
4,6,7,Sunday,226,6
4,6,8,Sunday,313,6
4,6,9,Sunday,441,6
4,6,10,Sunday,547,6
4,6,11,Sunday,563,6
4,6,12,Sunday,594,6
4,6,13,Sunday,677,6
4,6,14,Sunday,698,6
4,6,15,Sunday,847,6
4,6,16,Sunday,806,6
4,6,17,Sunday,799,6
4,6,18,Sunday,767,6
4,6,19,Sunday,641,6
4,6,20,Sunday,516,6
4,6,21,Sunday,571,6
4,6,22,Sunday,390,6
4,6,23,Sunday,256,6
4,7,0,Monday,102,0
4,7,1,Monday,63,0
4,7,2,Monday,57,0
4,7,3,Monday,154,0
4,7,4,Monday,271,0
4,7,5,Monday,388,0
4,7,6,Monday,842,0
4,7,7,Monday,1057,0
4,7,8,Monday,836,0
4,7,9,Monday,585,0
4,7,10,Monday,509,0
4,7,11,Monday,485,0
4,7,12,Monday,463,0
4,7,13,Monday,578,0
4,7,14,Monday,861,0
4,7,15,Monday,1061,0
4,7,16,Monday,1756,0
4,7,17,Monday,2191,0
4,7,18,Monday,2137,0
4,7,19,Monday,2035,0
4,7,20,Monday,1176,0
4,7,21,Monday,1059,0
4,7,22,Monday,646,0
4,7,23,Monday,238,0
4,8,0,Tuesday,187,1
4,8,1,Tuesday,72,1
4,8,2,Tuesday,63,1
4,8,3,Tuesday,119,1
4,8,4,Tuesday,184,1
4,8,5,Tuesday,427,1
4,8,6,Tuesday,889,1
4,8,7,Tuesday,1159,1
4,8,8,Tuesday,1069,1
4,8,9,Tuesday,611,1
4,8,10,Tuesday,507,1
4,8,11,Tuesday,548,1
4,8,12,Tuesday,518,1
4,8,13,Tuesday,584,1
4,8,14,Tuesday,716,1
4,8,15,Tuesday,996,1
4,8,16,Tuesday,1206,1
4,8,17,Tuesday,1386,1
4,8,18,Tuesday,1062,1
4,8,19,Tuesday,929,1
4,8,20,Tuesday,1127,1
4,8,21,Tuesday,944,1
4,8,22,Tuesday,587,1
4,8,23,Tuesday,298,1
4,9,0,Wednesday,154,2
4,9,1,Wednesday,106,2
4,9,2,Wednesday,76,2
4,9,3,Wednesday,139,2
4,9,4,Wednesday,194,2
4,9,5,Wednesday,353,2
4,9,6,Wednesday,821,2
4,9,7,Wednesday,1050,2
4,9,8,Wednesday,858,2
4,9,9,Wednesday,565,2
4,9,10,Wednesday,533,2
4,9,11,Wednesday,552,2
4,9,12,Wednesday,590,2
4,9,13,Wednesday,683,2
4,9,14,Wednesday,849,2
4,9,15,Wednesday,1120,2
4,9,16,Wednesday,1276,2
4,9,17,Wednesday,1492,2
4,9,18,Wednesday,1218,2
4,9,19,Wednesday,1152,2
4,9,20,Wednesday,995,2
4,9,21,Wednesday,988,2
4,9,22,Wednesday,717,2
4,9,23,Wednesday,362,2
4,10,0,Thursday,176,3
4,10,1,Thursday,106,3
4,10,2,Thursday,72,3
4,10,3,Thursday,154,3
4,10,4,Thursday,223,3
4,10,5,Thursday,360,3
4,10,6,Thursday,833,3
4,10,7,Thursday,971,3
4,10,8,Thursday,834,3
4,10,9,Thursday,654,3
4,10,10,Thursday,561,3
4,10,11,Thursday,627,3
4,10,12,Thursday,623,3
4,10,13,Thursday,822,3
4,10,14,Thursday,1056,3
4,10,15,Thursday,1333,3
4,10,16,Thursday,1553,3
4,10,17,Thursday,1757,3
4,10,18,Thursday,1535,3
4,10,19,Thursday,1312,3
4,10,20,Thursday,1461,3
4,10,21,Thursday,1477,3
4,10,22,Thursday,969,3
4,10,23,Thursday,572,3
4,11,0,Friday,250,4
4,11,1,Friday,161,4
4,11,2,Friday,109,4
4,11,3,Friday,197,4
4,11,4,Friday,228,4
4,11,5,Friday,337,4
4,11,6,Friday,800,4
4,11,7,Friday,1041,4
4,11,8,Friday,926,4
4,11,9,Friday,606,4
4,11,10,Friday,631,4
4,11,11,Friday,664,4
4,11,12,Friday,702,4
4,11,13,Friday,880,4
4,11,14,Friday,893,4
4,11,15,Friday,1266,4
4,11,16,Friday,1432,4
4,11,17,Friday,1591,4
4,11,18,Friday,1518,4
4,11,19,Friday,1357,4
4,11,20,Friday,1155,4
4,11,21,Friday,1180,4
4,11,22,Friday,1382,4
4,11,23,Friday,1114,4
4,12,0,Saturday,666,5
4,12,1,Saturday,458,5
4,12,2,Saturday,272,5
4,12,3,Saturday,178,5
4,12,4,Saturday,159,5
4,12,5,Saturday,170,5
4,12,6,Saturday,200,5
4,12,7,Saturday,255,5
4,12,8,Saturday,344,5
4,12,9,Saturday,409,5
4,12,10,Saturday,514,5
4,12,11,Saturday,544,5
4,12,12,Saturday,611,5
4,12,13,Saturday,628,5
4,12,14,Saturday,715,5
4,12,15,Saturday,1083,5
4,12,16,Saturday,1292,5
4,12,17,Saturday,1230,5
4,12,18,Saturday,1617,5
4,12,19,Saturday,1271,5
4,12,20,Saturday,1063,5
4,12,21,Saturday,1382,5
4,12,22,Saturday,1648,5
4,12,23,Saturday,1461,5
4,13,0,Sunday,1130,6
4,13,1,Sunday,670,6
4,13,2,Sunday,337,6
4,13,3,Sunday,236,6
4,13,4,Sunday,155,6
4,13,5,Sunday,130,6
4,13,6,Sunday,179,6
4,13,7,Sunday,217,6
4,13,8,Sunday,294,6
4,13,9,Sunday,439,6
4,13,10,Sunday,489,6
4,13,11,Sunday,581,6
4,13,12,Sunday,580,6
4,13,13,Sunday,652,6
4,13,14,Sunday,740,6
4,13,15,Sunday,812,6
4,13,16,Sunday,878,6
4,13,17,Sunday,775,6
4,13,18,Sunday,647,6
4,13,19,Sunday,554,6
4,13,20,Sunday,490,6
4,13,21,Sunday,514,6
4,13,22,Sunday,385,6
4,13,23,Sunday,228,6
4,14,0,Monday,119,0
4,14,1,Monday,48,0
4,14,2,Monday,45,0
4,14,3,Monday,122,0
4,14,4,Monday,208,0
4,14,5,Monday,378,0
4,14,6,Monday,682,0
4,14,7,Monday,911,0
4,14,8,Monday,730,0
4,14,9,Monday,491,0
4,14,10,Monday,443,0
4,14,11,Monday,443,0
4,14,12,Monday,494,0
4,14,13,Monday,538,0
4,14,14,Monday,722,0
4,14,15,Monday,944,0
4,14,16,Monday,1030,0
4,14,17,Monday,965,0
4,14,18,Monday,721,0
4,14,19,Monday,643,0
4,14,20,Monday,677,0
4,14,21,Monday,620,0
4,14,22,Monday,443,0
4,14,23,Monday,257,0
4,15,0,Tuesday,137,1
4,15,1,Tuesday,71,1
4,15,2,Tuesday,61,1
4,15,3,Tuesday,104,1
4,15,4,Tuesday,141,1
4,15,5,Tuesday,277,1
4,15,6,Tuesday,564,1
4,15,7,Tuesday,992,1
4,15,8,Tuesday,921,1
4,15,9,Tuesday,663,1
4,15,10,Tuesday,727,1
4,15,11,Tuesday,741,1
4,15,12,Tuesday,688,1
4,15,13,Tuesday,798,1
4,15,14,Tuesday,881,1
4,15,15,Tuesday,1012,1
4,15,16,Tuesday,1580,1
4,15,17,Tuesday,1767,1
4,15,18,Tuesday,1702,1
4,15,19,Tuesday,1743,1
4,15,20,Tuesday,1802,1
4,15,21,Tuesday,1629,1
4,15,22,Tuesday,1076,1
4,15,23,Tuesday,564,1
4,16,0,Wednesday,216,2
4,16,1,Wednesday,97,2
4,16,2,Wednesday,72,2
4,16,3,Wednesday,122,2
4,16,4,Wednesday,168,2
4,16,5,Wednesday,330,2
4,16,6,Wednesday,695,2
4,16,7,Wednesday,938,2
4,16,8,Wednesday,904,2
4,16,9,Wednesday,646,2
4,16,10,Wednesday,557,2
4,16,11,Wednesday,583,2
4,16,12,Wednesday,589,2
4,16,13,Wednesday,675,2
4,16,14,Wednesday,843,2
4,16,15,Wednesday,1127,2
4,16,16,Wednesday,1418,2
4,16,17,Wednesday,1514,2
4,16,18,Wednesday,1310,2
4,16,19,Wednesday,1187,2
4,16,20,Wednesday,1220,2
4,16,21,Wednesday,1238,2
4,16,22,Wednesday,778,2
4,16,23,Wednesday,490,2
4,17,0,Thursday,227,3
4,17,1,Thursday,108,3
4,17,2,Thursday,101,3
4,17,3,Thursday,131,3
4,17,4,Thursday,210,3
4,17,5,Thursday,347,3
4,17,6,Thursday,766,3
4,17,7,Thursday,1052,3
4,17,8,Thursday,898,3
4,17,9,Thursday,656,3
4,17,10,Thursday,611,3
4,17,11,Thursday,665,3
4,17,12,Thursday,706,3
4,17,13,Thursday,849,3
4,17,14,Thursday,983,3
4,17,15,Thursday,1179,3
4,17,16,Thursday,1478,3
4,17,17,Thursday,1637,3
4,17,18,Thursday,1680,3
4,17,19,Thursday,1541,3
4,17,20,Thursday,1514,3
4,17,21,Thursday,1529,3
4,17,22,Thursday,1331,3
4,17,23,Thursday,774,3
4,18,0,Friday,438,4
4,18,1,Friday,222,4
4,18,2,Friday,148,4
4,18,3,Friday,208,4
4,18,4,Friday,228,4
4,18,5,Friday,292,4
4,18,6,Friday,401,4
4,18,7,Friday,646,4
4,18,8,Friday,720,4
4,18,9,Friday,640,4
4,18,10,Friday,558,4
4,18,11,Friday,634,4
4,18,12,Friday,665,4
4,18,13,Friday,770,4
4,18,14,Friday,877,4
4,18,15,Friday,1139,4
4,18,16,Friday,1276,4
4,18,17,Friday,1165,4
4,18,18,Friday,1344,4
4,18,19,Friday,1147,4
4,18,20,Friday,1055,4
4,18,21,Friday,1149,4
4,18,22,Friday,1326,4
4,18,23,Friday,1026,4
4,19,0,Saturday,635,5
4,19,1,Saturday,443,5
4,19,2,Saturday,301,5
4,19,3,Saturday,223,5
4,19,4,Saturday,151,5
4,19,5,Saturday,154,5
4,19,6,Saturday,176,5
4,19,7,Saturday,221,5
4,19,8,Saturday,290,5
4,19,9,Saturday,386,5
4,19,10,Saturday,464,5
4,19,11,Saturday,542,5
4,19,12,Saturday,603,5
4,19,13,Saturday,616,5
4,19,14,Saturday,677,5
4,19,15,Saturday,912,5
4,19,16,Saturday,1014,5
4,19,17,Saturday,979,5
4,19,18,Saturday,1036,5
4,19,19,Saturday,1004,5
4,19,20,Saturday,828,5
4,19,21,Saturday,992,5
4,19,22,Saturday,1105,5
4,19,23,Saturday,850,5
4,20,0,Sunday,544,6
4,20,1,Sunday,433,6
4,20,2,Sunday,275,6
4,20,3,Sunday,209,6
4,20,4,Sunday,149,6
4,20,5,Sunday,118,6
4,20,6,Sunday,126,6
4,20,7,Sunday,183,6
4,20,8,Sunday,291,6
4,20,9,Sunday,431,6
4,20,10,Sunday,509,6
4,20,11,Sunday,579,6
4,20,12,Sunday,619,6
4,20,13,Sunday,642,6
4,20,14,Sunday,604,6
4,20,15,Sunday,727,6
4,20,16,Sunday,735,6
4,20,17,Sunday,618,6
4,20,18,Sunday,664,6
4,20,19,Sunday,696,6
4,20,20,Sunday,631,6
4,20,21,Sunday,596,6
4,20,22,Sunday,404,6
4,20,23,Sunday,234,6
4,21,0,Monday,113,0
4,21,1,Monday,66,0
4,21,2,Monday,58,0
4,21,3,Monday,131,0
4,21,4,Monday,267,0
4,21,5,Monday,398,0
4,21,6,Monday,674,0
4,21,7,Monday,915,0
4,21,8,Monday,711,0
4,21,9,Monday,522,0
4,21,10,Monday,440,0
4,21,11,Monday,461,0
4,21,12,Monday,443,0
4,21,13,Monday,543,0
4,21,14,Monday,718,0
4,21,15,Monday,836,0
4,21,16,Monday,1013,0
4,21,17,Monday,1063,0
4,21,18,Monday,871,0
4,21,19,Monday,836,0
4,21,20,Monday,734,0
4,21,21,Monday,615,0
4,21,22,Monday,443,0
4,21,23,Monday,291,0
4,22,0,Tuesday,150,1
4,22,1,Tuesday,62,1
4,22,2,Tuesday,61,1
4,22,3,Tuesday,88,1
4,22,4,Tuesday,207,1
4,22,5,Tuesday,327,1
4,22,6,Tuesday,719,1
4,22,7,Tuesday,945,1
4,22,8,Tuesday,802,1
4,22,9,Tuesday,506,1
4,22,10,Tuesday,550,1
4,22,11,Tuesday,522,1
4,22,12,Tuesday,505,1
4,22,13,Tuesday,613,1
4,22,14,Tuesday,834,1
4,22,15,Tuesday,1374,1
4,22,16,Tuesday,1629,1
4,22,17,Tuesday,1612,1
4,22,18,Tuesday,1342,1
4,22,19,Tuesday,1115,1
4,22,20,Tuesday,1118,1
4,22,21,Tuesday,967,1
4,22,22,Tuesday,614,1
4,22,23,Tuesday,313,1
4,23,0,Wednesday,149,2
4,23,1,Wednesday,92,2
4,23,2,Wednesday,64,2
4,23,3,Wednesday,90,2
4,23,4,Wednesday,212,2
4,23,5,Wednesday,383,2
4,23,6,Wednesday,795,2
4,23,7,Wednesday,1088,2
4,23,8,Wednesday,946,2
4,23,9,Wednesday,630,2
4,23,10,Wednesday,694,2
4,23,11,Wednesday,659,2
4,23,12,Wednesday,684,2
4,23,13,Wednesday,782,2
4,23,14,Wednesday,991,2
4,23,15,Wednesday,1280,2
4,23,16,Wednesday,1550,2
4,23,17,Wednesday,1744,2
4,23,18,Wednesday,1516,2
4,23,19,Wednesday,1535,2
4,23,20,Wednesday,1659,2
4,23,21,Wednesday,1393,2
4,23,22,Wednesday,934,2
4,23,23,Wednesday,476,2
4,24,0,Thursday,195,3
4,24,1,Thursday,139,3
4,24,2,Thursday,103,3
4,24,3,Thursday,152,3
4,24,4,Thursday,235,3
4,24,5,Thursday,393,3
4,24,6,Thursday,830,3
4,24,7,Thursday,1114,3
4,24,8,Thursday,1020,3
4,24,9,Thursday,753,3
4,24,10,Thursday,640,3
4,24,11,Thursday,675,3
4,24,12,Thursday,709,3
4,24,13,Thursday,864,3
4,24,14,Thursday,1110,3
4,24,15,Thursday,1423,3
4,24,16,Thursday,1680,3
4,24,17,Thursday,1917,3
4,24,18,Thursday,1794,3
4,24,19,Thursday,1702,3
4,24,20,Thursday,1779,3
4,24,21,Thursday,1865,3
4,24,22,Thursday,1490,3
4,24,23,Thursday,770,3
4,25,0,Friday,350,4
4,25,1,Friday,193,4
4,25,2,Friday,139,4
4,25,3,Friday,177,4
4,25,4,Friday,238,4
4,25,5,Friday,372,4
4,25,6,Friday,796,4
4,25,7,Friday,1054,4
4,25,8,Friday,937,4
4,25,9,Friday,717,4
4,25,10,Friday,651,4
4,25,11,Friday,699,4
4,25,12,Friday,784,4
4,25,13,Friday,891,4
4,25,14,Friday,1127,4
4,25,15,Friday,1445,4
4,25,16,Friday,1686,4
4,25,17,Friday,1754,4
4,25,18,Friday,1947,4
4,25,19,Friday,1610,4
4,25,20,Friday,1466,4
4,25,21,Friday,2007,4
4,25,22,Friday,2141,4
4,25,23,Friday,1914,4
4,26,0,Saturday,1003,5
4,26,1,Saturday,1162,5
4,26,2,Saturday,789,5
4,26,3,Saturday,431,5
4,26,4,Saturday,243,5
4,26,5,Saturday,203,5
4,26,6,Saturday,262,5
4,26,7,Saturday,355,5
4,26,8,Saturday,398,5
4,26,9,Saturday,519,5
4,26,10,Saturday,578,5
4,26,11,Saturday,687,5
4,26,12,Saturday,689,5
4,26,13,Saturday,794,5
4,26,14,Saturday,946,5
4,26,15,Saturday,1384,5
4,26,16,Saturday,1791,5
4,26,17,Saturday,1904,5
4,26,18,Saturday,1937,5
4,26,19,Saturday,1814,5
4,26,20,Saturday,1553,5
4,26,21,Saturday,1865,5
4,26,22,Saturday,1910,5
4,26,23,Saturday,1708,5
4,27,0,Sunday,1383,6
4,27,1,Sunday,893,6
4,27,2,Sunday,477,6
4,27,3,Sunday,292,6
4,27,4,Sunday,180,6
4,27,5,Sunday,168,6
4,27,6,Sunday,190,6
4,27,7,Sunday,247,6
4,27,8,Sunday,335,6
4,27,9,Sunday,459,6
4,27,10,Sunday,568,6
4,27,11,Sunday,637,6
4,27,12,Sunday,685,6
4,27,13,Sunday,792,6
4,27,14,Sunday,892,6
4,27,15,Sunday,1014,6
4,27,16,Sunday,1070,6
4,27,17,Sunday,962,6
4,27,18,Sunday,717,6
4,27,19,Sunday,688,6
4,27,20,Sunday,639,6
4,27,21,Sunday,629,6
4,27,22,Sunday,460,6
4,27,23,Sunday,300,6
4,28,0,Monday,184,0
4,28,1,Monday,84,0
4,28,2,Monday,78,0
4,28,3,Monday,164,0
4,28,4,Monday,275,0
4,28,5,Monday,455,0
4,28,6,Monday,776,0
4,28,7,Monday,1005,0
4,28,8,Monday,861,0
4,28,9,Monday,613,0
4,28,10,Monday,561,0
4,28,11,Monday,540,0
4,28,12,Monday,545,0
4,28,13,Monday,635,0
4,28,14,Monday,816,0
4,28,15,Monday,977,0
4,28,16,Monday,1163,0
4,28,17,Monday,1355,0
4,28,18,Monday,996,0
4,28,19,Monday,872,0
4,28,20,Monday,986,0
4,28,21,Monday,785,0
4,28,22,Monday,444,0
4,28,23,Monday,305,0
4,29,0,Tuesday,153,1
4,29,1,Tuesday,96,1
4,29,2,Tuesday,66,1
4,29,3,Tuesday,112,1
4,29,4,Tuesday,189,1
4,29,5,Tuesday,370,1
4,29,6,Tuesday,872,1
4,29,7,Tuesday,1207,1
4,29,8,Tuesday,1022,1
4,29,9,Tuesday,650,1
4,29,10,Tuesday,639,1
4,29,11,Tuesday,591,1
4,29,12,Tuesday,639,1
4,29,13,Tuesday,970,1
4,29,14,Tuesday,1322,1
4,29,15,Tuesday,1693,1
4,29,16,Tuesday,1954,1
4,29,17,Tuesday,2270,1
4,29,18,Tuesday,1861,1
4,29,19,Tuesday,1654,1
4,29,20,Tuesday,1666,1
4,29,21,Tuesday,1575,1
4,29,22,Tuesday,808,1
4,29,23,Tuesday,456,1
4,30,0,Wednesday,219,2
4,30,1,Wednesday,130,2
4,30,2,Wednesday,100,2
4,30,3,Wednesday,154,2
4,30,4,Wednesday,233,2
4,30,5,Wednesday,580,2
4,30,6,Wednesday,1134,2
4,30,7,Wednesday,1472,2
4,30,8,Wednesday,1607,2
4,30,9,Wednesday,1349,2
4,30,10,Wednesday,1402,2
4,30,11,Wednesday,1389,2
4,30,12,Wednesday,1493,2
4,30,13,Wednesday,1620,2
4,30,14,Wednesday,1887,2
4,30,15,Wednesday,2406,2
4,30,16,Wednesday,2656,2
4,30,17,Wednesday,2801,2
4,30,18,Wednesday,3038,2
4,30,19,Wednesday,2834,2
4,30,20,Wednesday,2766,2
4,30,21,Wednesday,2308,2
4,30,22,Wednesday,1778,2
4,30,23,Wednesday,895,2
5,1,0,Thursday,348,3
5,1,1,Thursday,179,3
5,1,2,Thursday,101,3
5,1,3,Thursday,172,3
5,1,4,Thursday,241,3
5,1,5,Thursday,438,3
5,1,6,Thursday,822,3
5,1,7,Thursday,1274,3
5,1,8,Thursday,1237,3
5,1,9,Thursday,853,3
5,1,10,Thursday,771,3
5,1,11,Thursday,662,3
5,1,12,Thursday,716,3
5,1,13,Thursday,820,3
5,1,14,Thursday,1060,3
5,1,15,Thursday,1348,3
5,1,16,Thursday,1584,3
5,1,17,Thursday,1845,3
5,1,18,Thursday,1710,3
5,1,19,Thursday,1584,3
5,1,20,Thursday,1546,3
5,1,21,Thursday,1880,3
5,1,22,Thursday,1403,3
5,1,23,Thursday,781,3
5,2,0,Friday,357,4
5,2,1,Friday,199,4
5,2,2,Friday,139,4
5,2,3,Friday,183,4
5,2,4,Friday,215,4
5,2,5,Friday,359,4
5,2,6,Friday,806,4
5,2,7,Friday,990,4
5,2,8,Friday,912,4
5,2,9,Friday,657,4
5,2,10,Friday,727,4
5,2,11,Friday,756,4
5,2,12,Friday,790,4
5,2,13,Friday,918,4
5,2,14,Friday,1169,4
5,2,15,Friday,1469,4
5,2,16,Friday,1711,4
5,2,17,Friday,1877,4
5,2,18,Friday,2141,4
5,2,19,Friday,1633,4
5,2,20,Friday,1451,4
5,2,21,Friday,1617,4
5,2,22,Friday,1676,4
5,2,23,Friday,1483,4
5,3,0,Saturday,848,5
5,3,1,Saturday,529,5
5,3,2,Saturday,329,5
5,3,3,Saturday,238,5
5,3,4,Saturday,213,5
5,3,5,Saturday,198,5
5,3,6,Saturday,232,5
5,3,7,Saturday,307,5
5,3,8,Saturday,407,5
5,3,9,Saturday,506,5
5,3,10,Saturday,580,5
5,3,11,Saturday,672,5
5,3,12,Saturday,708,5
5,3,13,Saturday,826,5
5,3,14,Saturday,968,5
5,3,15,Saturday,1456,5
5,3,16,Saturday,1715,5
5,3,17,Saturday,1483,5
5,3,18,Saturday,2249,5
5,3,19,Saturday,1581,5
5,3,20,Saturday,1410,5
5,3,21,Saturday,1751,5
5,3,22,Saturday,1637,5
5,3,23,Saturday,1391,5
5,4,0,Sunday,1152,6
5,4,1,Sunday,641,6
5,4,2,Sunday,418,6
5,4,3,Sunday,315,6
5,4,4,Sunday,245,6
5,4,5,Sunday,178,6
5,4,6,Sunday,163,6
5,4,7,Sunday,209,6
5,4,8,Sunday,239,6
5,4,9,Sunday,330,6
5,4,10,Sunday,412,6
5,4,11,Sunday,537,6
5,4,12,Sunday,621,6
5,4,13,Sunday,730,6
5,4,14,Sunday,851,6
5,4,15,Sunday,1029,6
5,4,16,Sunday,1064,6
5,4,17,Sunday,961,6
5,4,18,Sunday,870,6
5,4,19,Sunday,702,6
5,4,20,Sunday,707,6
5,4,21,Sunday,705,6
5,4,22,Sunday,543,6
5,4,23,Sunday,296,6
5,5,0,Monday,139,0
5,5,1,Monday,72,0
5,5,2,Monday,52,0
5,5,3,Monday,175,0
5,5,4,Monday,264,0
5,5,5,Monday,477,0
5,5,6,Monday,832,0
5,5,7,Monday,1014,0
5,5,8,Monday,959,0
5,5,9,Monday,633,0
5,5,10,Monday,599,0
5,5,11,Monday,590,0
5,5,12,Monday,623,0
5,5,13,Monday,722,0
5,5,14,Monday,981,0
5,5,15,Monday,1210,0
5,5,16,Monday,1430,0
5,5,17,Monday,1597,0
5,5,18,Monday,1222,0
5,5,19,Monday,1067,0
5,5,20,Monday,1076,0
5,5,21,Monday,1018,0
5,5,22,Monday,706,0
5,5,23,Monday,401,0
5,6,0,Tuesday,203,1
5,6,1,Tuesday,130,1
5,6,2,Tuesday,97,1
5,6,3,Tuesday,112,1
5,6,4,Tuesday,205,1
5,6,5,Tuesday,406,1
5,6,6,Tuesday,839,1
5,6,7,Tuesday,1065,1
5,6,8,Tuesday,958,1
5,6,9,Tuesday,640,1
5,6,10,Tuesday,645,1
5,6,11,Tuesday,603,1
5,6,12,Tuesday,702,1
5,6,13,Tuesday,757,1
5,6,14,Tuesday,1016,1
5,6,15,Tuesday,1347,1
5,6,16,Tuesday,1605,1
5,6,17,Tuesday,1746,1
5,6,18,Tuesday,1307,1
5,6,19,Tuesday,1188,1
5,6,20,Tuesday,1291,1
5,6,21,Tuesday,1224,1
5,6,22,Tuesday,756,1
5,6,23,Tuesday,458,1
5,7,0,Wednesday,201,2
5,7,1,Wednesday,109,2
5,7,2,Wednesday,71,2
5,7,3,Wednesday,137,2
5,7,4,Wednesday,205,2
5,7,5,Wednesday,341,2
5,7,6,Wednesday,888,2
5,7,7,Wednesday,1151,2
5,7,8,Wednesday,971,2
5,7,9,Wednesday,695,2
5,7,10,Wednesday,733,2
5,7,11,Wednesday,689,2
5,7,12,Wednesday,726,2
5,7,13,Wednesday,971,2
5,7,14,Wednesday,1186,2
5,7,15,Wednesday,1494,2
5,7,16,Wednesday,1843,2
5,7,17,Wednesday,1878,2
5,7,18,Wednesday,1683,2
5,7,19,Wednesday,1413,2
5,7,20,Wednesday,1482,2
5,7,21,Wednesday,1474,2
5,7,22,Wednesday,1010,2
5,7,23,Wednesday,540,2
5,8,0,Thursday,275,3
5,8,1,Thursday,174,3
5,8,2,Thursday,128,3
5,8,3,Thursday,162,3
5,8,4,Thursday,286,3
5,8,5,Thursday,597,3
5,8,6,Thursday,1285,3
5,8,7,Thursday,1627,3
5,8,8,Thursday,1672,3
5,8,9,Thursday,1291,3
5,8,10,Thursday,1018,3
5,8,11,Thursday,951,3
5,8,12,Thursday,902,3
5,8,13,Thursday,1172,3
5,8,14,Thursday,1316,3
5,8,15,Thursday,1675,3
5,8,16,Thursday,1894,3
5,8,17,Thursday,2138,3
5,8,18,Thursday,1862,3
5,8,19,Thursday,1707,3
5,8,20,Thursday,1650,3
5,8,21,Thursday,1701,3
5,8,22,Thursday,1328,3
5,8,23,Thursday,702,3
5,9,0,Friday,396,4
5,9,1,Friday,273,4
5,9,2,Friday,176,4
5,9,3,Friday,196,4
5,9,4,Friday,257,4
5,9,5,Friday,405,4
5,9,6,Friday,912,4
5,9,7,Friday,1234,4
5,9,8,Friday,1142,4
5,9,9,Friday,836,4
5,9,10,Friday,807,4
5,9,11,Friday,877,4
5,9,12,Friday,869,4
5,9,13,Friday,1019,4
5,9,14,Friday,1409,4
5,9,15,Friday,1661,4
5,9,16,Friday,2007,4
5,9,17,Friday,2384,4
5,9,18,Friday,2424,4
5,9,19,Friday,1683,4
5,9,20,Friday,1298,4
5,9,21,Friday,1347,4
5,9,22,Friday,1532,4
5,9,23,Friday,1241,4
5,10,0,Saturday,788,5
5,10,1,Saturday,472,5
5,10,2,Saturday,319,5
5,10,3,Saturday,242,5
5,10,4,Saturday,148,5
5,10,5,Saturday,204,5
5,10,6,Saturday,230,5
5,10,7,Saturday,297,5
5,10,8,Saturday,433,5
5,10,9,Saturday,543,5
5,10,10,Saturday,596,5
5,10,11,Saturday,683,5
5,10,12,Saturday,780,5
5,10,13,Saturday,1009,5
5,10,14,Saturday,1074,5
5,10,15,Saturday,1615,5
5,10,16,Saturday,1939,5
5,10,17,Saturday,1890,5
5,10,18,Saturday,1838,5
5,10,19,Saturday,1365,5
5,10,20,Saturday,1137,5
5,10,21,Saturday,1322,5
5,10,22,Saturday,1738,5
5,10,23,Saturday,1888,5
5,11,0,Sunday,1212,6
5,11,1,Sunday,593,6
5,11,2,Sunday,347,6
5,11,3,Sunday,241,6
5,11,4,Sunday,155,6
5,11,5,Sunday,152,6
5,11,6,Sunday,187,6
5,11,7,Sunday,258,6
5,11,8,Sunday,378,6
5,11,9,Sunday,547,6
5,11,10,Sunday,598,6
5,11,11,Sunday,720,6
5,11,12,Sunday,758,6
5,11,13,Sunday,801,6
5,11,14,Sunday,850,6
5,11,15,Sunday,1019,6
5,11,16,Sunday,1133,6
5,11,17,Sunday,1074,6
5,11,18,Sunday,876,6
5,11,19,Sunday,800,6
5,11,20,Sunday,750,6
5,11,21,Sunday,715,6
5,11,22,Sunday,463,6
5,11,23,Sunday,274,6
5,12,0,Monday,114,0
5,12,1,Monday,83,0
5,12,2,Monday,59,0
5,12,3,Monday,143,0
5,12,4,Monday,265,0
5,12,5,Monday,440,0
5,12,6,Monday,802,0
5,12,7,Monday,1007,0
5,12,8,Monday,854,0
5,12,9,Monday,677,0
5,12,10,Monday,593,0
5,12,11,Monday,603,0
5,12,12,Monday,680,0
5,12,13,Monday,778,0
5,12,14,Monday,1030,0
5,12,15,Monday,1283,0
5,12,16,Monday,1499,0
5,12,17,Monday,1580,0
5,12,18,Monday,1133,0
5,12,19,Monday,862,0
5,12,20,Monday,926,0
5,12,21,Monday,1029,0
5,12,22,Monday,648,0
5,12,23,Monday,382,0
5,13,0,Tuesday,191,1
5,13,1,Tuesday,128,1
5,13,2,Tuesday,73,1
5,13,3,Tuesday,122,1
5,13,4,Tuesday,171,1
5,13,5,Tuesday,376,1
5,13,6,Tuesday,874,1
5,13,7,Tuesday,1136,1
5,13,8,Tuesday,844,1
5,13,9,Tuesday,682,1
5,13,10,Tuesday,654,1
5,13,11,Tuesday,626,1
5,13,12,Tuesday,653,1
5,13,13,Tuesday,848,1
5,13,14,Tuesday,1011,1
5,13,15,Tuesday,1336,1
5,13,16,Tuesday,1534,1
5,13,17,Tuesday,1683,1
5,13,18,Tuesday,1332,1
5,13,19,Tuesday,1265,1
5,13,20,Tuesday,1349,1
5,13,21,Tuesday,1237,1
5,13,22,Tuesday,888,1
5,13,23,Tuesday,485,1
5,14,0,Wednesday,236,2
5,14,1,Wednesday,130,2
5,14,2,Wednesday,83,2
5,14,3,Wednesday,134,2
5,14,4,Wednesday,208,2
5,14,5,Wednesday,404,2
5,14,6,Wednesday,920,2
5,14,7,Wednesday,1272,2
5,14,8,Wednesday,1044,2
5,14,9,Wednesday,725,2
5,14,10,Wednesday,717,2
5,14,11,Wednesday,719,2
5,14,12,Wednesday,771,2
5,14,13,Wednesday,912,2
5,14,14,Wednesday,1245,2
5,14,15,Wednesday,1460,2
5,14,16,Wednesday,1556,2
5,14,17,Wednesday,1763,2
5,14,18,Wednesday,1895,2
5,14,19,Wednesday,1598,2
5,14,20,Wednesday,1606,2
5,14,21,Wednesday,1422,2
5,14,22,Wednesday,881,2
5,14,23,Wednesday,517,2
5,15,0,Thursday,305,3
5,15,1,Thursday,183,3
5,15,2,Thursday,113,3
5,15,3,Thursday,151,3
5,15,4,Thursday,268,3
5,15,5,Thursday,482,3
5,15,6,Thursday,1038,3
5,15,7,Thursday,1262,3
5,15,8,Thursday,1123,3
5,15,9,Thursday,800,3
5,15,10,Thursday,989,3
5,15,11,Thursday,992,3
5,15,12,Thursday,977,3
5,15,13,Thursday,1120,3
5,15,14,Thursday,1386,3
5,15,15,Thursday,1602,3
5,15,16,Thursday,1868,3
5,15,17,Thursday,2201,3
5,15,18,Thursday,2014,3
5,15,19,Thursday,1738,3
5,15,20,Thursday,1788,3
5,15,21,Thursday,1774,3
5,15,22,Thursday,1364,3
5,15,23,Thursday,763,3
5,16,0,Friday,416,4
5,16,1,Friday,235,4
5,16,2,Friday,158,4
5,16,3,Friday,207,4
5,16,4,Friday,271,4
5,16,5,Friday,435,4
5,16,6,Friday,961,4
5,16,7,Friday,1214,4
5,16,8,Friday,1086,4
5,16,9,Friday,852,4
5,16,10,Friday,870,4
5,16,11,Friday,983,4
5,16,12,Friday,1172,4
5,16,13,Friday,1313,4
5,16,14,Friday,1635,4
5,16,15,Friday,1925,4
5,16,16,Friday,2042,4
5,16,17,Friday,2445,4
5,16,18,Friday,2454,4
5,16,19,Friday,3076,4
5,16,20,Friday,2335,4
5,16,21,Friday,2907,4
5,16,22,Friday,2175,4
5,16,23,Friday,1326,4
5,17,0,Saturday,774,5
5,17,1,Saturday,423,5
5,17,2,Saturday,296,5
5,17,3,Saturday,239,5
5,17,4,Saturday,277,5
5,17,5,Saturday,241,5
5,17,6,Saturday,269,5
5,17,7,Saturday,347,5
5,17,8,Saturday,434,5
5,17,9,Saturday,545,5
5,17,10,Saturday,589,5
5,17,11,Saturday,652,5
5,17,12,Saturday,748,5
5,17,13,Saturday,859,5
5,17,14,Saturday,1015,5
5,17,15,Saturday,1329,5
5,17,16,Saturday,1593,5
5,17,17,Saturday,1643,5
5,17,18,Saturday,1710,5
5,17,19,Saturday,1506,5
5,17,20,Saturday,1438,5
5,17,21,Saturday,1701,5
5,17,22,Saturday,1833,5
5,17,23,Saturday,1833,5
5,18,0,Sunday,1420,6
5,18,1,Sunday,992,6
5,18,2,Sunday,564,6
5,18,3,Sunday,389,6
5,18,4,Sunday,212,6
5,18,5,Sunday,176,6
5,18,6,Sunday,197,6
5,18,7,Sunday,266,6
5,18,8,Sunday,400,6
5,18,9,Sunday,546,6
5,18,10,Sunday,670,6
5,18,11,Sunday,774,6
5,18,12,Sunday,801,6
5,18,13,Sunday,872,6
5,18,14,Sunday,984,6
5,18,15,Sunday,1024,6
5,18,16,Sunday,1173,6
5,18,17,Sunday,1043,6
5,18,18,Sunday,855,6
5,18,19,Sunday,782,6
5,18,20,Sunday,775,6
5,18,21,Sunday,754,6
5,18,22,Sunday,517,6
5,18,23,Sunday,322,6
5,19,0,Monday,145,0
5,19,1,Monday,83,0
5,19,2,Monday,67,0
5,19,3,Monday,156,0
5,19,4,Monday,316,0
5,19,5,Monday,466,0
5,19,6,Monday,906,0
5,19,7,Monday,1077,0
5,19,8,Monday,979,0
5,19,9,Monday,675,0
5,19,10,Monday,599,0
5,19,11,Monday,658,0
5,19,12,Monday,674,0
5,19,13,Monday,835,0
5,19,14,Monday,1122,0
5,19,15,Monday,1280,0
5,19,16,Monday,1435,0
5,19,17,Monday,1558,0
5,19,18,Monday,1224,0
5,19,19,Monday,1023,0
5,19,20,Monday,1079,0
5,19,21,Monday,1005,0
5,19,22,Monday,605,0
5,19,23,Monday,348,0
5,20,0,Tuesday,180,1
5,20,1,Tuesday,96,1
5,20,2,Tuesday,75,1
5,20,3,Tuesday,150,1
5,20,4,Tuesday,221,1
5,20,5,Tuesday,390,1
5,20,6,Tuesday,844,1
5,20,7,Tuesday,1122,1
5,20,8,Tuesday,959,1
5,20,9,Tuesday,728,1
5,20,10,Tuesday,706,1
5,20,11,Tuesday,746,1
5,20,12,Tuesday,781,1
5,20,13,Tuesday,959,1
5,20,14,Tuesday,1194,1
5,20,15,Tuesday,1407,1
5,20,16,Tuesday,1596,1
5,20,17,Tuesday,1805,1
5,20,18,Tuesday,1508,1
5,20,19,Tuesday,1334,1
5,20,20,Tuesday,1421,1
5,20,21,Tuesday,1286,1
5,20,22,Tuesday,894,1
5,20,23,Tuesday,458,1
5,21,0,Wednesday,214,2
5,21,1,Wednesday,134,2
5,21,2,Wednesday,102,2
5,21,3,Wednesday,175,2
5,21,4,Wednesday,237,2
5,21,5,Wednesday,392,2
5,21,6,Wednesday,937,2
5,21,7,Wednesday,1198,2
5,21,8,Wednesday,1050,2
5,21,9,Wednesday,736,2
5,21,10,Wednesday,763,2
5,21,11,Wednesday,823,2
5,21,12,Wednesday,956,2
5,21,13,Wednesday,1024,2
5,21,14,Wednesday,1415,2
5,21,15,Wednesday,1660,2
5,21,16,Wednesday,1919,2
5,21,17,Wednesday,2140,2
5,21,18,Wednesday,1789,2
5,21,19,Wednesday,1447,2
5,21,20,Wednesday,1440,2
5,21,21,Wednesday,1475,2
5,21,22,Wednesday,993,2
5,21,23,Wednesday,489,2
5,22,0,Thursday,255,3
5,22,1,Thursday,165,3
5,22,2,Thursday,158,3
5,22,3,Thursday,239,3
5,22,4,Thursday,284,3
5,22,5,Thursday,510,3
5,22,6,Thursday,1023,3
5,22,7,Thursday,1362,3
5,22,8,Thursday,1303,3
5,22,9,Thursday,858,3
5,22,10,Thursday,924,3
5,22,11,Thursday,929,3
5,22,12,Thursday,1040,3
5,22,13,Thursday,1184,3
5,22,14,Thursday,1359,3
5,22,15,Thursday,1572,3
5,22,16,Thursday,1832,3
5,22,17,Thursday,2342,3
5,22,18,Thursday,2101,3
5,22,19,Thursday,1645,3
5,22,20,Thursday,1700,3
5,22,21,Thursday,1715,3
5,22,22,Thursday,1419,3
5,22,23,Thursday,883,3
5,23,0,Friday,442,4
5,23,1,Friday,248,4
5,23,2,Friday,161,4
5,23,3,Friday,244,4
5,23,4,Friday,303,4
5,23,5,Friday,428,4
5,23,6,Friday,794,4
5,23,7,Friday,1056,4
5,23,8,Friday,935,4
5,23,9,Friday,744,4
5,23,10,Friday,677,4
5,23,11,Friday,811,4
5,23,12,Friday,849,4
5,23,13,Friday,954,4
5,23,14,Friday,1268,4
5,23,15,Friday,1682,4
5,23,16,Friday,1442,4
5,23,17,Friday,1090,4
5,23,18,Friday,1817,4
5,23,19,Friday,2560,4
5,23,20,Friday,2447,4
5,23,21,Friday,2026,4
5,23,22,Friday,2006,4
5,23,23,Friday,1481,4
5,24,0,Saturday,700,5
5,24,1,Saturday,363,5
5,24,2,Saturday,249,5
5,24,3,Saturday,225,5
5,24,4,Saturday,175,5
5,24,5,Saturday,211,5
5,24,6,Saturday,217,5
5,24,7,Saturday,272,5
5,24,8,Saturday,373,5
5,24,9,Saturday,426,5
5,24,10,Saturday,471,5
5,24,11,Saturday,528,5
5,24,12,Saturday,556,5
5,24,13,Saturday,578,5
5,24,14,Saturday,628,5
5,24,15,Saturday,1120,5
5,24,16,Saturday,1674,5
5,24,17,Saturday,1154,5
5,24,18,Saturday,878,5
5,24,19,Saturday,748,5
5,24,20,Saturday,730,5
5,24,21,Saturday,787,5
5,24,22,Saturday,900,5
5,24,23,Saturday,688,5
5,25,0,Sunday,463,6
5,25,1,Sunday,350,6
5,25,2,Sunday,236,6
5,25,3,Sunday,199,6
5,25,4,Sunday,111,6
5,25,5,Sunday,114,6
5,25,6,Sunday,136,6
5,25,7,Sunday,178,6
5,25,8,Sunday,235,6
5,25,9,Sunday,336,6
5,25,10,Sunday,394,6
5,25,11,Sunday,478,6
5,25,12,Sunday,574,6
5,25,13,Sunday,602,6
5,25,14,Sunday,553,6
5,25,15,Sunday,703,6
5,25,16,Sunday,718,6
5,25,17,Sunday,696,6
5,25,18,Sunday,681,6
5,25,19,Sunday,597,6
5,25,20,Sunday,550,6
5,25,21,Sunday,635,6
5,25,22,Sunday,707,6
5,25,23,Sunday,595,6
5,26,0,Monday,369,0
5,26,1,Monday,228,0
5,26,2,Monday,126,0
5,26,3,Monday,153,0
5,26,4,Monday,132,0
5,26,5,Monday,131,0
5,26,6,Monday,148,0
5,26,7,Monday,189,0
5,26,8,Monday,220,0
5,26,9,Monday,309,0
5,26,10,Monday,414,0
5,26,11,Monday,446,0
5,26,12,Monday,496,0
5,26,13,Monday,593,0
5,26,14,Monday,688,0
5,26,15,Monday,741,0
5,26,16,Monday,691,0
5,26,17,Monday,731,0
5,26,18,Monday,658,0
5,26,19,Monday,702,0
5,26,20,Monday,634,0
5,26,21,Monday,629,0
5,26,22,Monday,476,0
5,26,23,Monday,298,0
5,27,0,Tuesday,141,1
5,27,1,Tuesday,77,1
5,27,2,Tuesday,58,1
5,27,3,Tuesday,159,1
5,27,4,Tuesday,267,1
5,27,5,Tuesday,459,1
5,27,6,Tuesday,859,1
5,27,7,Tuesday,1078,1
5,27,8,Tuesday,855,1
5,27,9,Tuesday,597,1
5,27,10,Tuesday,576,1
5,27,11,Tuesday,579,1
5,27,12,Tuesday,597,1
5,27,13,Tuesday,895,1
5,27,14,Tuesday,971,1
5,27,15,Tuesday,1157,1
5,27,16,Tuesday,1434,1
5,27,17,Tuesday,1479,1
5,27,18,Tuesday,1197,1
5,27,19,Tuesday,925,1
5,27,20,Tuesday,919,1
5,27,21,Tuesday,756,1
5,27,22,Tuesday,611,1
5,27,23,Tuesday,358,1
5,28,0,Wednesday,187,2
5,28,1,Wednesday,104,2
5,28,2,Wednesday,78,2
5,28,3,Wednesday,127,2
5,28,4,Wednesday,196,2
5,28,5,Wednesday,410,2
5,28,6,Wednesday,873,2
5,28,7,Wednesday,1243,2
5,28,8,Wednesday,981,2
5,28,9,Wednesday,716,2
5,28,10,Wednesday,687,2
5,28,11,Wednesday,730,2
5,28,12,Wednesday,690,2
5,28,13,Wednesday,892,2
5,28,14,Wednesday,1170,2
5,28,15,Wednesday,1597,2
5,28,16,Wednesday,1969,2
5,28,17,Wednesday,2027,2
5,28,18,Wednesday,1771,2
5,28,19,Wednesday,1444,2
5,28,20,Wednesday,1487,2
5,28,21,Wednesday,1411,2
5,28,22,Wednesday,955,2
5,28,23,Wednesday,495,2
5,29,0,Thursday,243,3
5,29,1,Thursday,130,3
5,29,2,Thursday,84,3
5,29,3,Thursday,125,3
5,29,4,Thursday,212,3
5,29,5,Thursday,398,3
5,29,6,Thursday,912,3
5,29,7,Thursday,1172,3
5,29,8,Thursday,983,3
5,29,9,Thursday,748,3
5,29,10,Thursday,665,3
5,29,11,Thursday,702,3
5,29,12,Thursday,740,3
5,29,13,Thursday,923,3
5,29,14,Thursday,1236,3
5,29,15,Thursday,1655,3
5,29,16,Thursday,1868,3
5,29,17,Thursday,2160,3
5,29,18,Thursday,2051,3
5,29,19,Thursday,1750,3
5,29,20,Thursday,1790,3
5,29,21,Thursday,1953,3
5,29,22,Thursday,1629,3
5,29,23,Thursday,801,3
5,30,0,Friday,393,4
5,30,1,Friday,201,4
5,30,2,Friday,124,4
5,30,3,Friday,175,4
5,30,4,Friday,240,4
5,30,5,Friday,398,4
5,30,6,Friday,854,4
5,30,7,Friday,1171,4
5,30,8,Friday,997,4
5,30,9,Friday,717,4
5,30,10,Friday,731,4
5,30,11,Friday,823,4
5,30,12,Friday,870,4
5,30,13,Friday,997,4
5,30,14,Friday,1308,4
5,30,15,Friday,1647,4
5,30,16,Friday,1808,4
5,30,17,Friday,1747,4
5,30,18,Friday,2245,4
5,30,19,Friday,1443,4
5,30,20,Friday,1316,4
5,30,21,Friday,1495,4
5,30,22,Friday,1470,4
5,30,23,Friday,1243,4
5,31,0,Saturday,768,5
5,31,1,Saturday,462,5
5,31,2,Saturday,331,5
5,31,3,Saturday,261,5
5,31,4,Saturday,145,5
5,31,5,Saturday,173,5
5,31,6,Saturday,255,5
5,31,7,Saturday,365,5
5,31,8,Saturday,497,5
5,31,9,Saturday,559,5
5,31,10,Saturday,626,5
5,31,11,Saturday,713,5
5,31,12,Saturday,775,5
5,31,13,Saturday,816,5
5,31,14,Saturday,1265,5
5,31,15,Saturday,1584,5
5,31,16,Saturday,1551,5
5,31,17,Saturday,1348,5
5,31,18,Saturday,1470,5
5,31,19,Saturday,1219,5
5,31,20,Saturday,1203,5
5,31,21,Saturday,1466,5
5,31,22,Saturday,1793,5
5,31,23,Saturday,1616,5
6,1,0,Sunday,1112,6
6,1,1,Sunday,685,6
6,1,2,Sunday,396,6
6,1,3,Sunday,281,6
6,1,4,Sunday,155,6
6,1,5,Sunday,165,6
6,1,6,Sunday,200,6
6,1,7,Sunday,265,6
6,1,8,Sunday,386,6
6,1,9,Sunday,500,6
6,1,10,Sunday,638,6
6,1,11,Sunday,740,6
6,1,12,Sunday,807,6
6,1,13,Sunday,913,6
6,1,14,Sunday,997,6
6,1,15,Sunday,1092,6
6,1,16,Sunday,1169,6
6,1,17,Sunday,1113,6
6,1,18,Sunday,983,6
6,1,19,Sunday,814,6
6,1,20,Sunday,807,6
6,1,21,Sunday,849,6
6,1,22,Sunday,602,6
6,1,23,Sunday,298,6
6,2,0,Monday,186,0
6,2,1,Monday,72,0
6,2,2,Monday,59,0
6,2,3,Monday,167,0
6,2,4,Monday,305,0
6,2,5,Monday,500,0
6,2,6,Monday,915,0
6,2,7,Monday,1103,0
6,2,8,Monday,982,0
6,2,9,Monday,603,0
6,2,10,Monday,628,0
6,2,11,Monday,637,0
6,2,12,Monday,683,0
6,2,13,Monday,713,0
6,2,14,Monday,1018,0
6,2,15,Monday,1112,0
6,2,16,Monday,1337,0
6,2,17,Monday,1443,0
6,2,18,Monday,1093,0
6,2,19,Monday,1009,0
6,2,20,Monday,1037,0
6,2,21,Monday,914,0
6,2,22,Monday,634,0
6,2,23,Monday,353,0
6,3,0,Tuesday,187,1
6,3,1,Tuesday,87,1
6,3,2,Tuesday,59,1
6,3,3,Tuesday,105,1
6,3,4,Tuesday,180,1
6,3,5,Tuesday,372,1
6,3,6,Tuesday,950,1
6,3,7,Tuesday,1199,1
6,3,8,Tuesday,982,1
6,3,9,Tuesday,722,1
6,3,10,Tuesday,746,1
6,3,11,Tuesday,737,1
6,3,12,Tuesday,793,1
6,3,13,Tuesday,962,1
6,3,14,Tuesday,1216,1
6,3,15,Tuesday,1432,1
6,3,16,Tuesday,2142,1
6,3,17,Tuesday,2471,1
6,3,18,Tuesday,2026,1
6,3,19,Tuesday,1369,1
6,3,20,Tuesday,1406,1
6,3,21,Tuesday,1257,1
6,3,22,Tuesday,833,1
6,3,23,Tuesday,441,1
6,4,0,Wednesday,213,2
6,4,1,Wednesday,106,2
6,4,2,Wednesday,90,2
6,4,3,Wednesday,144,2
6,4,4,Wednesday,216,2
6,4,5,Wednesday,365,2
6,4,6,Wednesday,936,2
6,4,7,Wednesday,1295,2
6,4,8,Wednesday,1024,2
6,4,9,Wednesday,827,2
6,4,10,Wednesday,764,2
6,4,11,Wednesday,758,2
6,4,12,Wednesday,768,2
6,4,13,Wednesday,922,2
6,4,14,Wednesday,1214,2
6,4,15,Wednesday,1584,2
6,4,16,Wednesday,1914,2
6,4,17,Wednesday,1948,2
6,4,18,Wednesday,1558,2
6,4,19,Wednesday,1385,2
6,4,20,Wednesday,1526,2
6,4,21,Wednesday,1464,2
6,4,22,Wednesday,1302,2
6,4,23,Wednesday,508,2
6,5,0,Thursday,277,3
6,5,1,Thursday,147,3
6,5,2,Thursday,128,3
6,5,3,Thursday,182,3
6,5,4,Thursday,281,3
6,5,5,Thursday,706,3
6,5,6,Thursday,1421,3
6,5,7,Thursday,1762,3
6,5,8,Thursday,1770,3
6,5,9,Thursday,1449,3
6,5,10,Thursday,1105,3
6,5,11,Thursday,941,3
6,5,12,Thursday,862,3
6,5,13,Thursday,1018,3
6,5,14,Thursday,1262,3
6,5,15,Thursday,1604,3
6,5,16,Thursday,1850,3
6,5,17,Thursday,2057,3
6,5,18,Thursday,1678,3
6,5,19,Thursday,1497,3
6,5,20,Thursday,1753,3
6,5,21,Thursday,1966,3
6,5,22,Thursday,1710,3
6,5,23,Thursday,945,3
6,6,0,Friday,440,4
6,6,1,Friday,249,4
6,6,2,Friday,167,4
6,6,3,Friday,190,4
6,6,4,Friday,291,4
6,6,5,Friday,419,4
6,6,6,Friday,875,4
6,6,7,Friday,1150,4
6,6,8,Friday,1075,4
6,6,9,Friday,768,4
6,6,10,Friday,832,4
6,6,11,Friday,917,4
6,6,12,Friday,953,4
6,6,13,Friday,1088,4
6,6,14,Friday,1338,4
6,6,15,Friday,1596,4
6,6,16,Friday,1818,4
6,6,17,Friday,1771,4
6,6,18,Friday,1602,4
6,6,19,Friday,1270,4
6,6,20,Friday,1197,4
6,6,21,Friday,1477,4
6,6,22,Friday,1684,4
6,6,23,Friday,1516,4
6,7,0,Saturday,940,5
6,7,1,Saturday,551,5
6,7,2,Saturday,328,5
6,7,3,Saturday,275,5
6,7,4,Saturday,186,5
6,7,5,Saturday,186,5
6,7,6,Saturday,290,5
6,7,7,Saturday,354,5
6,7,8,Saturday,508,5
6,7,9,Saturday,634,5
6,7,10,Saturday,744,5
6,7,11,Saturday,821,5
6,7,12,Saturday,915,5
6,7,13,Saturday,990,5
6,7,14,Saturday,1018,5
6,7,15,Saturday,1173,5
6,7,16,Saturday,1388,5
6,7,17,Saturday,1238,5
6,7,18,Saturday,1335,5
6,7,19,Saturday,1023,5
6,7,20,Saturday,1161,5
6,7,21,Saturday,1403,5
6,7,22,Saturday,1782,5
6,7,23,Saturday,1646,5
6,8,0,Sunday,1056,6
6,8,1,Sunday,656,6
6,8,2,Sunday,409,6
6,8,3,Sunday,306,6
6,8,4,Sunday,189,6
6,8,5,Sunday,173,6
6,8,6,Sunday,210,6
6,8,7,Sunday,282,6
6,8,8,Sunday,340,6
6,8,9,Sunday,516,6
6,8,10,Sunday,620,6
6,8,11,Sunday,711,6
6,8,12,Sunday,853,6
6,8,13,Sunday,892,6
6,8,14,Sunday,1011,6
6,8,15,Sunday,1090,6
6,8,16,Sunday,1146,6
6,8,17,Sunday,955,6
6,8,18,Sunday,852,6
6,8,19,Sunday,747,6
6,8,20,Sunday,759,6
6,8,21,Sunday,787,6
6,8,22,Sunday,750,6
6,8,23,Sunday,439,6
6,9,0,Monday,237,0
6,9,1,Monday,114,0
6,9,2,Monday,95,0
6,9,3,Monday,246,0
6,9,4,Monday,414,0
6,9,5,Monday,731,0
6,9,6,Monday,1367,0
6,9,7,Monday,1788,0
6,9,8,Monday,1907,0
6,9,9,Monday,1527,0
6,9,10,Monday,1098,0
6,9,11,Monday,903,0
6,9,12,Monday,782,0
6,9,13,Monday,903,0
6,9,14,Monday,1037,0
6,9,15,Monday,1249,0
6,9,16,Monday,1471,0
6,9,17,Monday,1728,0
6,9,18,Monday,1382,0
6,9,19,Monday,1125,0
6,9,20,Monday,1067,0
6,9,21,Monday,1027,0
6,9,22,Monday,643,0
6,9,23,Monday,403,0
6,10,0,Tuesday,196,1
6,10,1,Tuesday,111,1
6,10,2,Tuesday,83,1
6,10,3,Tuesday,119,1
6,10,4,Tuesday,247,1
6,10,5,Tuesday,460,1
6,10,6,Tuesday,999,1
6,10,7,Tuesday,1427,1
6,10,8,Tuesday,1246,1
6,10,9,Tuesday,798,1
6,10,10,Tuesday,756,1
6,10,11,Tuesday,848,1
6,10,12,Tuesday,801,1
6,10,13,Tuesday,933,1
6,10,14,Tuesday,1217,1
6,10,15,Tuesday,1545,1
6,10,16,Tuesday,1836,1
6,10,17,Tuesday,2008,1
6,10,18,Tuesday,1535,1
6,10,19,Tuesday,1293,1
6,10,20,Tuesday,1510,1
6,10,21,Tuesday,1458,1
6,10,22,Tuesday,916,1
6,10,23,Tuesday,532,1
6,11,0,Wednesday,258,2
6,11,1,Wednesday,146,2
6,11,2,Wednesday,101,2
6,11,3,Wednesday,153,2
6,11,4,Wednesday,240,2
6,11,5,Wednesday,497,2
6,11,6,Wednesday,1149,2
6,11,7,Wednesday,1566,2
6,11,8,Wednesday,1442,2
6,11,9,Wednesday,988,2
6,11,10,Wednesday,853,2
6,11,11,Wednesday,871,2
6,11,12,Wednesday,877,2
6,11,13,Wednesday,1104,2
6,11,14,Wednesday,1390,2
6,11,15,Wednesday,1616,2
6,11,16,Wednesday,1826,2
6,11,17,Wednesday,1981,2
6,11,18,Wednesday,1745,2
6,11,19,Wednesday,1602,2
6,11,20,Wednesday,1642,2
6,11,21,Wednesday,1620,2
6,11,22,Wednesday,1366,2
6,11,23,Wednesday,683,2
6,12,0,Thursday,304,3
6,12,1,Thursday,178,3
6,12,2,Thursday,106,3
6,12,3,Thursday,187,3
6,12,4,Thursday,271,3
6,12,5,Thursday,484,3
6,12,6,Thursday,1061,3
6,12,7,Thursday,1560,3
6,12,8,Thursday,1419,3
6,12,9,Thursday,1006,3
6,12,10,Thursday,918,3
6,12,11,Thursday,926,3
6,12,12,Thursday,1036,3
6,12,13,Thursday,1219,3
6,12,14,Thursday,1486,3
6,12,15,Thursday,1812,3
6,12,16,Thursday,2001,3
6,12,17,Thursday,2293,3
6,12,18,Thursday,2281,3
6,12,19,Thursday,2012,3
6,12,20,Thursday,2075,3
6,12,21,Thursday,1969,3
6,12,22,Thursday,1914,3
6,12,23,Thursday,1326,3
6,13,0,Friday,509,4
6,13,1,Friday,319,4
6,13,2,Friday,203,4
6,13,3,Friday,267,4
6,13,4,Friday,374,4
6,13,5,Friday,528,4
6,13,6,Friday,1030,4
6,13,7,Friday,1639,4
6,13,8,Friday,1837,4
6,13,9,Friday,1516,4
6,13,10,Friday,1067,4
6,13,11,Friday,1015,4
6,13,12,Friday,1019,4
6,13,13,Friday,1114,4
6,13,14,Friday,1342,4
6,13,15,Friday,1639,4
6,13,16,Friday,2022,4
6,13,17,Friday,2986,4
6,13,18,Friday,3156,4
6,13,19,Friday,2159,4
6,13,20,Friday,1429,4
6,13,21,Friday,1436,4
6,13,22,Friday,1339,4
6,13,23,Friday,1262,4
6,14,0,Saturday,769,5
6,14,1,Saturday,504,5
6,14,2,Saturday,315,5
6,14,3,Saturday,330,5
6,14,4,Saturday,196,5
6,14,5,Saturday,231,5
6,14,6,Saturday,320,5
6,14,7,Saturday,369,5
6,14,8,Saturday,448,5
6,14,9,Saturday,608,5
6,14,10,Saturday,679,5
6,14,11,Saturday,739,5
6,14,12,Saturday,749,5
6,14,13,Saturday,806,5
6,14,14,Saturday,892,5
6,14,15,Saturday,1165,5
6,14,16,Saturday,1503,5
6,14,17,Saturday,1215,5
6,14,18,Saturday,1147,5
6,14,19,Saturday,1114,5
6,14,20,Saturday,1096,5
6,14,21,Saturday,1282,5
6,14,22,Saturday,1513,5
6,14,23,Saturday,1337,5
6,15,0,Sunday,864,6
6,15,1,Sunday,577,6
6,15,2,Sunday,421,6
6,15,3,Sunday,283,6
6,15,4,Sunday,190,6
6,15,5,Sunday,194,6
6,15,6,Sunday,198,6
6,15,7,Sunday,243,6
6,15,8,Sunday,354,6
6,15,9,Sunday,497,6
6,15,10,Sunday,627,6
6,15,11,Sunday,674,6
6,15,12,Sunday,772,6
6,15,13,Sunday,811,6
6,15,14,Sunday,857,6
6,15,15,Sunday,916,6
6,15,16,Sunday,941,6
6,15,17,Sunday,901,6
6,15,18,Sunday,829,6
6,15,19,Sunday,812,6
6,15,20,Sunday,791,6
6,15,21,Sunday,825,6
6,15,22,Sunday,604,6
6,15,23,Sunday,330,6
6,16,0,Monday,122,0
6,16,1,Monday,87,0
6,16,2,Monday,68,0
6,16,3,Monday,188,0
6,16,4,Monday,330,0
6,16,5,Monday,516,0
6,16,6,Monday,802,0
6,16,7,Monday,1170,0
6,16,8,Monday,969,0
6,16,9,Monday,672,0
6,16,10,Monday,640,0
6,16,11,Monday,692,0
6,16,12,Monday,663,0
6,16,13,Monday,752,0
6,16,14,Monday,933,0
6,16,15,Monday,1115,0
6,16,16,Monday,1498,0
6,16,17,Monday,1408,0
6,16,18,Monday,965,0
6,16,19,Monday,1103,0
6,16,20,Monday,1092,0
6,16,21,Monday,976,0
6,16,22,Monday,628,0
6,16,23,Monday,389,0
6,17,0,Tuesday,170,1
6,17,1,Tuesday,107,1
6,17,2,Tuesday,78,1
6,17,3,Tuesday,136,1
6,17,4,Tuesday,223,1
6,17,5,Tuesday,403,1
6,17,6,Tuesday,806,1
6,17,7,Tuesday,1263,1
6,17,8,Tuesday,1066,1
6,17,9,Tuesday,759,1
6,17,10,Tuesday,687,1
6,17,11,Tuesday,754,1
6,17,12,Tuesday,806,1
6,17,13,Tuesday,1011,1
6,17,14,Tuesday,1216,1
6,17,15,Tuesday,1479,1
6,17,16,Tuesday,1646,1
6,17,17,Tuesday,1812,1
6,17,18,Tuesday,1625,1
6,17,19,Tuesday,1369,1
6,17,20,Tuesday,1554,1
6,17,21,Tuesday,1409,1
6,17,22,Tuesday,928,1
6,17,23,Tuesday,500,1
6,18,0,Wednesday,249,2
6,18,1,Wednesday,138,2
6,18,2,Wednesday,100,2
6,18,3,Wednesday,168,2
6,18,4,Wednesday,219,2
6,18,5,Wednesday,428,2
6,18,6,Wednesday,859,2
6,18,7,Wednesday,1317,2
6,18,8,Wednesday,1139,2
6,18,9,Wednesday,875,2
6,18,10,Wednesday,912,2
6,18,11,Wednesday,951,2
6,18,12,Wednesday,944,2
6,18,13,Wednesday,1112,2
6,18,14,Wednesday,1319,2
6,18,15,Wednesday,1703,2
6,18,16,Wednesday,1911,2
6,18,17,Wednesday,2090,2
6,18,18,Wednesday,1729,2
6,18,19,Wednesday,1351,2
6,18,20,Wednesday,1711,2
6,18,21,Wednesday,1625,2
6,18,22,Wednesday,1186,2
6,18,23,Wednesday,611,2
6,19,0,Thursday,351,3
6,19,1,Thursday,151,3
6,19,2,Thursday,119,3
6,19,3,Thursday,175,3
6,19,4,Thursday,272,3
6,19,5,Thursday,448,3
6,19,6,Thursday,950,3
6,19,7,Thursday,1349,3
6,19,8,Thursday,1225,3
6,19,9,Thursday,914,3
6,19,10,Thursday,920,3
6,19,11,Thursday,895,3
6,19,12,Thursday,1033,3
6,19,13,Thursday,1368,3
6,19,14,Thursday,1386,3
6,19,15,Thursday,1757,3
6,19,16,Thursday,1920,3
6,19,17,Thursday,2124,3
6,19,18,Thursday,1909,3
6,19,19,Thursday,1899,3
6,19,20,Thursday,2513,3
6,19,21,Thursday,2197,3
6,19,22,Thursday,1773,3
6,19,23,Thursday,946,3
6,20,0,Friday,412,4
6,20,1,Friday,264,4
6,20,2,Friday,147,4
6,20,3,Friday,232,4
6,20,4,Friday,277,4
6,20,5,Friday,431,4
6,20,6,Friday,787,4
6,20,7,Friday,1091,4
6,20,8,Friday,1138,4
6,20,9,Friday,777,4
6,20,10,Friday,762,4
6,20,11,Friday,905,4
6,20,12,Friday,885,4
6,20,13,Friday,1103,4
6,20,14,Friday,1254,4
6,20,15,Friday,1572,4
6,20,16,Friday,1681,4
6,20,17,Friday,1693,4
6,20,18,Friday,1570,4
6,20,19,Friday,1320,4
6,20,20,Friday,1306,4
6,20,21,Friday,1523,4
6,20,22,Friday,1743,4
6,20,23,Friday,1398,4
6,21,0,Saturday,905,5
6,21,1,Saturday,623,5
6,21,2,Saturday,401,5
6,21,3,Saturday,310,5
6,21,4,Saturday,224,5
6,21,5,Saturday,211,5
6,21,6,Saturday,235,5
6,21,7,Saturday,306,5
6,21,8,Saturday,469,5
6,21,9,Saturday,537,5
6,21,10,Saturday,702,5
6,21,11,Saturday,740,5
6,21,12,Saturday,745,5
6,21,13,Saturday,832,5
6,21,14,Saturday,914,5
6,21,15,Saturday,1083,5
6,21,16,Saturday,1446,5
6,21,17,Saturday,1231,5
6,21,18,Saturday,1364,5
6,21,19,Saturday,1075,5
6,21,20,Saturday,1128,5
6,21,21,Saturday,1421,5
6,21,22,Saturday,1652,5
6,21,23,Saturday,1386,5
6,22,0,Sunday,998,6
6,22,1,Sunday,687,6
6,22,2,Sunday,453,6
6,22,3,Sunday,321,6
6,22,4,Sunday,184,6
6,22,5,Sunday,207,6
6,22,6,Sunday,210,6
6,22,7,Sunday,239,6
6,22,8,Sunday,391,6
6,22,9,Sunday,529,6
6,22,10,Sunday,635,6
6,22,11,Sunday,743,6
6,22,12,Sunday,844,6
6,22,13,Sunday,862,6
6,22,14,Sunday,921,6
6,22,15,Sunday,1146,6
6,22,16,Sunday,1304,6
6,22,17,Sunday,1008,6
6,22,18,Sunday,712,6
6,22,19,Sunday,1021,6
6,22,20,Sunday,867,6
6,22,21,Sunday,917,6
6,22,22,Sunday,755,6
6,22,23,Sunday,368,6
6,23,0,Monday,157,0
6,23,1,Monday,101,0
6,23,2,Monday,80,0
6,23,3,Monday,225,0
6,23,4,Monday,363,0
6,23,5,Monday,555,0
6,23,6,Monday,822,0
6,23,7,Monday,1122,0
6,23,8,Monday,993,0
6,23,9,Monday,699,0
6,23,10,Monday,632,0
6,23,11,Monday,632,0
6,23,12,Monday,706,0
6,23,13,Monday,789,0
6,23,14,Monday,971,0
6,23,15,Monday,1165,0
6,23,16,Monday,1321,0
6,23,17,Monday,1407,0
6,23,18,Monday,1150,0
6,23,19,Monday,928,0
6,23,20,Monday,988,0
6,23,21,Monday,901,0
6,23,22,Monday,662,0
6,23,23,Monday,366,0
6,24,0,Tuesday,169,1
6,24,1,Tuesday,110,1
6,24,2,Tuesday,71,1
6,24,3,Tuesday,147,1
6,24,4,Tuesday,234,1
6,24,5,Tuesday,445,1
6,24,6,Tuesday,756,1
6,24,7,Tuesday,1175,1
6,24,8,Tuesday,1044,1
6,24,9,Tuesday,796,1
6,24,10,Tuesday,706,1
6,24,11,Tuesday,734,1
6,24,12,Tuesday,765,1
6,24,13,Tuesday,860,1
6,24,14,Tuesday,1090,1
6,24,15,Tuesday,1346,1
6,24,16,Tuesday,1600,1
6,24,17,Tuesday,1821,1
6,24,18,Tuesday,1392,1
6,24,19,Tuesday,1240,1
6,24,20,Tuesday,1450,1
6,24,21,Tuesday,1344,1
6,24,22,Tuesday,977,1
6,24,23,Tuesday,507,1
6,25,0,Wednesday,276,2
6,25,1,Wednesday,132,2
6,25,2,Wednesday,103,2
6,25,3,Wednesday,179,2
6,25,4,Wednesday,262,2
6,25,5,Wednesday,427,2
6,25,6,Wednesday,889,2
6,25,7,Wednesday,1449,2
6,25,8,Wednesday,1188,2
6,25,9,Wednesday,877,2
6,25,10,Wednesday,879,2
6,25,11,Wednesday,872,2
6,25,12,Wednesday,973,2
6,25,13,Wednesday,1055,2
6,25,14,Wednesday,1363,2
6,25,15,Wednesday,1658,2
6,25,16,Wednesday,1979,2
6,25,17,Wednesday,2176,2
6,25,18,Wednesday,2335,2
6,25,19,Wednesday,1645,2
6,25,20,Wednesday,1760,2
6,25,21,Wednesday,1816,2
6,25,22,Wednesday,1274,2
6,25,23,Wednesday,893,2
6,26,0,Thursday,431,3
6,26,1,Thursday,275,3
6,26,2,Thursday,126,3
6,26,3,Thursday,207,3
6,26,4,Thursday,292,3
6,26,5,Thursday,470,3
6,26,6,Thursday,923,3
6,26,7,Thursday,1322,3
6,26,8,Thursday,1283,3
6,26,9,Thursday,988,3
6,26,10,Thursday,1037,3
6,26,11,Thursday,900,3
6,26,12,Thursday,941,3
6,26,13,Thursday,1176,3
6,26,14,Thursday,1454,3
6,26,15,Thursday,1758,3
6,26,16,Thursday,1889,3
6,26,17,Thursday,2214,3
6,26,18,Thursday,2078,3
6,26,19,Thursday,1828,3
6,26,20,Thursday,2028,3
6,26,21,Thursday,2086,3
6,26,22,Thursday,1758,3
6,26,23,Thursday,1052,3
6,27,0,Friday,475,4
6,27,1,Friday,280,4
6,27,2,Friday,170,4
6,27,3,Friday,263,4
6,27,4,Friday,306,4
6,27,5,Friday,460,4
6,27,6,Friday,773,4
6,27,7,Friday,1242,4
6,27,8,Friday,1119,4
6,27,9,Friday,873,4
6,27,10,Friday,822,4
6,27,11,Friday,957,4
6,27,12,Friday,961,4
6,27,13,Friday,1076,4
6,27,14,Friday,1311,4
6,27,15,Friday,1598,4
6,27,16,Friday,1746,4
6,27,17,Friday,1691,4
6,27,18,Friday,1614,4
6,27,19,Friday,1265,4
6,27,20,Friday,1233,4
6,27,21,Friday,1554,4
6,27,22,Friday,1688,4
6,27,23,Friday,1418,4
6,28,0,Saturday,936,5
6,28,1,Saturday,684,5
6,28,2,Saturday,431,5
6,28,3,Saturday,383,5
6,28,4,Saturday,238,5
6,28,5,Saturday,283,5
6,28,6,Saturday,292,5
6,28,7,Saturday,362,5
6,28,8,Saturday,477,5
6,28,9,Saturday,664,5
6,28,10,Saturday,781,5
6,28,11,Saturday,747,5
6,28,12,Saturday,819,5
6,28,13,Saturday,838,5
6,28,14,Saturday,1103,5
6,28,15,Saturday,1373,5
6,28,16,Saturday,1433,5
6,28,17,Saturday,1289,5
6,28,18,Saturday,1290,5
6,28,19,Saturday,1081,5
6,28,20,Saturday,1190,5
6,28,21,Saturday,1428,5
6,28,22,Saturday,1594,5
6,28,23,Saturday,1492,5
6,29,0,Sunday,1105,6
6,29,1,Sunday,888,6
6,29,2,Sunday,764,6
6,29,3,Sunday,545,6
6,29,4,Sunday,242,6
6,29,5,Sunday,215,6
6,29,6,Sunday,237,6
6,29,7,Sunday,270,6
6,29,8,Sunday,430,6
6,29,9,Sunday,616,6
6,29,10,Sunday,709,6
6,29,11,Sunday,697,6
6,29,12,Sunday,733,6
6,29,13,Sunday,867,6
6,29,14,Sunday,927,6
6,29,15,Sunday,1091,6
6,29,16,Sunday,1068,6
6,29,17,Sunday,1060,6
6,29,18,Sunday,927,6
6,29,19,Sunday,769,6
6,29,20,Sunday,862,6
6,29,21,Sunday,907,6
6,29,22,Sunday,741,6
6,29,23,Sunday,437,6
6,30,0,Monday,210,0
6,30,1,Monday,138,0
6,30,2,Monday,118,0
6,30,3,Monday,223,0
6,30,4,Monday,300,0
6,30,5,Monday,445,0
6,30,6,Monday,768,0
6,30,7,Monday,1155,0
6,30,8,Monday,1120,0
6,30,9,Monday,763,0
6,30,10,Monday,685,0
6,30,11,Monday,698,0
6,30,12,Monday,745,0
6,30,13,Monday,848,0
6,30,14,Monday,971,0
6,30,15,Monday,1117,0
6,30,16,Monday,1356,0
6,30,17,Monday,1320,0
6,30,18,Monday,1151,0
6,30,19,Monday,1078,0
6,30,20,Monday,1170,0
6,30,21,Monday,953,0
6,30,22,Monday,663,0
6,30,23,Monday,400,0
7,1,0,Tuesday,216,1
7,1,1,Tuesday,111,1
7,1,2,Tuesday,82,1
7,1,3,Tuesday,134,1
7,1,4,Tuesday,223,1
7,1,5,Tuesday,348,1
7,1,6,Tuesday,715,1
7,1,7,Tuesday,1196,1
7,1,8,Tuesday,1076,1
7,1,9,Tuesday,885,1
7,1,10,Tuesday,811,1
7,1,11,Tuesday,795,1
7,1,12,Tuesday,920,1
7,1,13,Tuesday,1040,1
7,1,14,Tuesday,1450,1
7,1,15,Tuesday,1396,1
7,1,16,Tuesday,1260,1
7,1,17,Tuesday,1858,1
7,1,18,Tuesday,1468,1
7,1,19,Tuesday,1359,1
7,1,20,Tuesday,1394,1
7,1,21,Tuesday,1263,1
7,1,22,Tuesday,798,1
7,1,23,Tuesday,430,1
7,2,0,Wednesday,239,2
7,2,1,Wednesday,140,2
7,2,2,Wednesday,123,2
7,2,3,Wednesday,187,2
7,2,4,Wednesday,256,2
7,2,5,Wednesday,383,2
7,2,6,Wednesday,761,2
7,2,7,Wednesday,1305,2
7,2,8,Wednesday,1152,2
7,2,9,Wednesday,826,2
7,2,10,Wednesday,844,2
7,2,11,Wednesday,877,2
7,2,12,Wednesday,932,2
7,2,13,Wednesday,1063,2
7,2,14,Wednesday,1203,2
7,2,15,Wednesday,1528,2
7,2,16,Wednesday,2159,2
7,2,17,Wednesday,2479,2
7,2,18,Wednesday,2946,2
7,2,19,Wednesday,2317,2
7,2,20,Wednesday,1701,2
7,2,21,Wednesday,1528,2
7,2,22,Wednesday,945,2
7,2,23,Wednesday,586,2
7,3,0,Thursday,359,3
7,3,1,Thursday,194,3
7,3,2,Thursday,128,3
7,3,3,Thursday,248,3
7,3,4,Thursday,321,3
7,3,5,Thursday,421,3
7,3,6,Thursday,680,3
7,3,7,Thursday,1103,3
7,3,8,Thursday,1004,3
7,3,9,Thursday,787,3
7,3,10,Thursday,746,3
7,3,11,Thursday,904,3
7,3,12,Thursday,1027,3
7,3,13,Thursday,1115,3
7,3,14,Thursday,1309,3
7,3,15,Thursday,1427,3
7,3,16,Thursday,1267,3
7,3,17,Thursday,1073,3
7,3,18,Thursday,1850,3
7,3,19,Thursday,2020,3
7,3,20,Thursday,1290,3
7,3,21,Thursday,890,3
7,3,22,Thursday,775,3
7,3,23,Thursday,659,3
7,4,0,Friday,454,4
7,4,1,Friday,356,4
7,4,2,Friday,286,4
7,4,3,Friday,281,4
7,4,4,Friday,229,4
7,4,5,Friday,248,4
7,4,6,Friday,270,4
7,4,7,Friday,267,4
7,4,8,Friday,325,4
7,4,9,Friday,411,4
7,4,10,Friday,495,4
7,4,11,Friday,572,4
7,4,12,Friday,735,4
7,4,13,Friday,972,4
7,4,14,Friday,903,4
7,4,15,Friday,791,4
7,4,16,Friday,620,4
7,4,17,Friday,741,4
7,4,18,Friday,728,4
7,4,19,Friday,696,4
7,4,20,Friday,641,4
7,4,21,Friday,962,4
7,4,22,Friday,1121,4
7,4,23,Friday,1044,4
7,5,0,Saturday,686,5
7,5,1,Saturday,384,5
7,5,2,Saturday,285,5
7,5,3,Saturday,221,5
7,5,4,Saturday,131,5
7,5,5,Saturday,139,5
7,5,6,Saturday,120,5
7,5,7,Saturday,185,5
7,5,8,Saturday,255,5
7,5,9,Saturday,366,5
7,5,10,Saturday,456,5
7,5,11,Saturday,483,5
7,5,12,Saturday,472,5
7,5,13,Saturday,514,5
7,5,14,Saturday,587,5
7,5,15,Saturday,561,5
7,5,16,Saturday,557,5
7,5,17,Saturday,622,5
7,5,18,Saturday,668,5
7,5,19,Saturday,548,5
7,5,20,Saturday,664,5
7,5,21,Saturday,692,5
7,5,22,Saturday,735,5
7,5,23,Saturday,559,5
7,6,0,Sunday,400,6
7,6,1,Sunday,278,6
7,6,2,Sunday,254,6
7,6,3,Sunday,236,6
7,6,4,Sunday,127,6
7,6,5,Sunday,150,6
7,6,6,Sunday,161,6
7,6,7,Sunday,170,6
7,6,8,Sunday,249,6
7,6,9,Sunday,361,6
7,6,10,Sunday,479,6
7,6,11,Sunday,536,6
7,6,12,Sunday,537,6
7,6,13,Sunday,758,6
7,6,14,Sunday,712,6
7,6,15,Sunday,777,6
7,6,16,Sunday,755,6
7,6,17,Sunday,673,6
7,6,18,Sunday,743,6
7,6,19,Sunday,680,6
7,6,20,Sunday,762,6
7,6,21,Sunday,743,6
7,6,22,Sunday,589,6
7,6,23,Sunday,313,6
7,7,0,Monday,166,0
7,7,1,Monday,97,0
7,7,2,Monday,64,0
7,7,3,Monday,197,0
7,7,4,Monday,357,0
7,7,5,Monday,507,0
7,7,6,Monday,710,0
7,7,7,Monday,1097,0
7,7,8,Monday,883,0
7,7,9,Monday,612,0
7,7,10,Monday,618,0
7,7,11,Monday,647,0
7,7,12,Monday,709,0
7,7,13,Monday,858,0
7,7,14,Monday,988,0
7,7,15,Monday,1081,0
7,7,16,Monday,1317,0
7,7,17,Monday,1435,0
7,7,18,Monday,1274,0
7,7,19,Monday,1253,0
7,7,20,Monday,1122,0
7,7,21,Monday,1050,0
7,7,22,Monday,735,0
7,7,23,Monday,503,0
7,8,0,Tuesday,341,1
7,8,1,Tuesday,165,1
7,8,2,Tuesday,102,1
7,8,3,Tuesday,190,1
7,8,4,Tuesday,280,1
7,8,5,Tuesday,535,1
7,8,6,Tuesday,955,1
7,8,7,Tuesday,1366,1
7,8,8,Tuesday,1311,1
7,8,9,Tuesday,961,1
7,8,10,Tuesday,941,1
7,8,11,Tuesday,932,1
7,8,12,Tuesday,1079,1
7,8,13,Tuesday,1168,1
7,8,14,Tuesday,1379,1
7,8,15,Tuesday,1494,1
7,8,16,Tuesday,1795,1
7,8,17,Tuesday,2123,1
7,8,18,Tuesday,1899,1
7,8,19,Tuesday,1618,1
7,8,20,Tuesday,1663,1
7,8,21,Tuesday,1680,1
7,8,22,Tuesday,1134,1
7,8,23,Tuesday,652,1
7,9,0,Wednesday,361,2
7,9,1,Wednesday,214,2
7,9,2,Wednesday,135,2
7,9,3,Wednesday,217,2
7,9,4,Wednesday,306,2
7,9,5,Wednesday,572,2
7,9,6,Wednesday,988,2
7,9,7,Wednesday,1388,2
7,9,8,Wednesday,1394,2
7,9,9,Wednesday,1035,2
7,9,10,Wednesday,976,2
7,9,11,Wednesday,1042,2
7,9,12,Wednesday,1027,2
7,9,13,Wednesday,1193,2
7,9,14,Wednesday,1420,2
7,9,15,Wednesday,1620,2
7,9,16,Wednesday,1839,2
7,9,17,Wednesday,2153,2
7,9,18,Wednesday,2152,2
7,9,19,Wednesday,2006,2
7,9,20,Wednesday,1876,2
7,9,21,Wednesday,1759,2
7,9,22,Wednesday,1361,2
7,9,23,Wednesday,783,2
7,10,0,Thursday,437,3
7,10,1,Thursday,212,3
7,10,2,Thursday,146,3
7,10,3,Thursday,233,3
7,10,4,Thursday,303,3
7,10,5,Thursday,566,3
7,10,6,Thursday,1078,3
7,10,7,Thursday,1428,3
7,10,8,Thursday,1473,3
7,10,9,Thursday,1067,3
7,10,10,Thursday,1053,3
7,10,11,Thursday,1057,3
7,10,12,Thursday,1090,3
7,10,13,Thursday,1246,3
7,10,14,Thursday,1488,3
7,10,15,Thursday,1855,3
7,10,16,Thursday,2146,3
7,10,17,Thursday,2304,3
7,10,18,Thursday,2184,3
7,10,19,Thursday,2026,3
7,10,20,Thursday,2197,3
7,10,21,Thursday,2055,3
7,10,22,Thursday,1757,3
7,10,23,Thursday,1140,3
7,11,0,Friday,605,4
7,11,1,Friday,350,4
7,11,2,Friday,231,4
7,11,3,Friday,291,4
7,11,4,Friday,333,4
7,11,5,Friday,560,4
7,11,6,Friday,883,4
7,11,7,Friday,1276,4
7,11,8,Friday,1272,4
7,11,9,Friday,1008,4
7,11,10,Friday,1017,4
7,11,11,Friday,1037,4
7,11,12,Friday,1035,4
7,11,13,Friday,1286,4
7,11,14,Friday,1518,4
7,11,15,Friday,1753,4
7,11,16,Friday,1903,4
7,11,17,Friday,1973,4
7,11,18,Friday,1967,4
7,11,19,Friday,1583,4
7,11,20,Friday,1500,4
7,11,21,Friday,1784,4
7,11,22,Friday,1958,4
7,11,23,Friday,1629,4
7,12,0,Saturday,1302,5
7,12,1,Saturday,893,5
7,12,2,Saturday,609,5
7,12,3,Saturday,411,5
7,12,4,Saturday,261,5
7,12,5,Saturday,321,5
7,12,6,Saturday,342,5
7,12,7,Saturday,450,5
7,12,8,Saturday,587,5
7,12,9,Saturday,756,5
7,12,10,Saturday,910,5
7,12,11,Saturday,994,5
7,12,12,Saturday,1047,5
7,12,13,Saturday,1122,5
7,12,14,Saturday,1341,5
7,12,15,Saturday,1486,5
7,12,16,Saturday,1678,5
7,12,17,Saturday,1692,5
7,12,18,Saturday,1673,5
7,12,19,Saturday,1420,5
7,12,20,Saturday,1452,5
7,12,21,Saturday,1648,5
7,12,22,Saturday,1855,5
7,12,23,Saturday,1686,5
7,13,0,Sunday,1304,6
7,13,1,Sunday,959,6
7,13,2,Sunday,719,6
7,13,3,Sunday,471,6
7,13,4,Sunday,265,6
7,13,5,Sunday,240,6
7,13,6,Sunday,259,6
7,13,7,Sunday,353,6
7,13,8,Sunday,516,6
7,13,9,Sunday,781,6
7,13,10,Sunday,898,6
7,13,11,Sunday,1075,6
7,13,12,Sunday,1142,6
7,13,13,Sunday,1257,6
7,13,14,Sunday,1272,6
7,13,15,Sunday,1070,6
7,13,16,Sunday,1297,6
7,13,17,Sunday,1428,6
7,13,18,Sunday,1145,6
7,13,19,Sunday,972,6
7,13,20,Sunday,1030,6
7,13,21,Sunday,910,6
7,13,22,Sunday,934,6
7,13,23,Sunday,785,6
7,14,0,Monday,417,0
7,14,1,Monday,192,0
7,14,2,Monday,117,0
7,14,3,Monday,274,0
7,14,4,Monday,408,0
7,14,5,Monday,686,0
7,14,6,Monday,990,0
7,14,7,Monday,1379,0
7,14,8,Monday,1277,0
7,14,9,Monday,1012,0
7,14,10,Monday,946,0
7,14,11,Monday,913,0
7,14,12,Monday,883,0
7,14,13,Monday,959,0
7,14,14,Monday,1192,0
7,14,15,Monday,1334,0
7,14,16,Monday,1747,0
7,14,17,Monday,2296,0
7,14,18,Monday,1977,0
7,14,19,Monday,2177,0
7,14,20,Monday,2273,0
7,14,21,Monday,2054,0
7,14,22,Monday,1206,0
7,14,23,Monday,641,0
7,15,0,Tuesday,353,1
7,15,1,Tuesday,169,1
7,15,2,Tuesday,107,1
7,15,3,Tuesday,207,1
7,15,4,Tuesday,330,1
7,15,5,Tuesday,607,1
7,15,6,Tuesday,1076,1
7,15,7,Tuesday,1430,1
7,15,8,Tuesday,1401,1
7,15,9,Tuesday,1036,1
7,15,10,Tuesday,1007,1
7,15,11,Tuesday,1082,1
7,15,12,Tuesday,1049,1
7,15,13,Tuesday,1972,1
7,15,14,Tuesday,1875,1
7,15,15,Tuesday,1721,1
7,15,16,Tuesday,2088,1
7,15,17,Tuesday,3045,1
7,15,18,Tuesday,3302,1
7,15,19,Tuesday,3225,1
7,15,20,Tuesday,2840,1
7,15,21,Tuesday,1871,1
7,15,22,Tuesday,1334,1
7,15,23,Tuesday,718,1
7,16,0,Wednesday,432,2
7,16,1,Wednesday,216,2
7,16,2,Wednesday,169,2
7,16,3,Wednesday,226,2
7,16,4,Wednesday,342,2
7,16,5,Wednesday,628,2
7,16,6,Wednesday,1125,2
7,16,7,Wednesday,1560,2
7,16,8,Wednesday,1549,2
7,16,9,Wednesday,1135,2
7,16,10,Wednesday,1029,2
7,16,11,Wednesday,1004,2
7,16,12,Wednesday,998,2
7,16,13,Wednesday,1100,2
7,16,14,Wednesday,1351,2
7,16,15,Wednesday,1732,2
7,16,16,Wednesday,1916,2
7,16,17,Wednesday,2104,2
7,16,18,Wednesday,1933,2
7,16,19,Wednesday,1840,2
7,16,20,Wednesday,1940,2
7,16,21,Wednesday,1868,2
7,16,22,Wednesday,1520,2
7,16,23,Wednesday,890,2
7,17,0,Thursday,415,3
7,17,1,Thursday,249,3
7,17,2,Thursday,187,3
7,17,3,Thursday,259,3
7,17,4,Thursday,423,3
7,17,5,Thursday,698,3
7,17,6,Thursday,952,3
7,17,7,Thursday,1367,3
7,17,8,Thursday,1351,3
7,17,9,Thursday,1063,3
7,17,10,Thursday,1031,3
7,17,11,Thursday,1090,3
7,17,12,Thursday,1118,3
7,17,13,Thursday,1284,3
7,17,14,Thursday,1511,3
7,17,15,Thursday,1741,3
7,17,16,Thursday,2015,3
7,17,17,Thursday,2257,3
7,17,18,Thursday,2266,3
7,17,19,Thursday,2056,3
7,17,20,Thursday,1953,3
7,17,21,Thursday,2173,3
7,17,22,Thursday,1961,3
7,17,23,Thursday,1290,3
7,18,0,Friday,687,4
7,18,1,Friday,388,4
7,18,2,Friday,252,4
7,18,3,Friday,335,4
7,18,4,Friday,396,4
7,18,5,Friday,586,4
7,18,6,Friday,893,4
7,18,7,Friday,1248,4
7,18,8,Friday,1250,4
7,18,9,Friday,1100,4
7,18,10,Friday,955,4
7,18,11,Friday,1019,4
7,18,12,Friday,1008,4
7,18,13,Friday,1174,4
7,18,14,Friday,1506,4
7,18,15,Friday,1818,4
7,18,16,Friday,2020,4
7,18,17,Friday,1912,4
7,18,18,Friday,1979,4
7,18,19,Friday,1875,4
7,18,20,Friday,1754,4
7,18,21,Friday,1974,4
7,18,22,Friday,2082,4
7,18,23,Friday,1649,4
7,19,0,Saturday,1208,5
7,19,1,Saturday,936,5
7,19,2,Saturday,749,5
7,19,3,Saturday,563,5
7,19,4,Saturday,319,5
7,19,5,Saturday,307,5
7,19,6,Saturday,384,5
7,19,7,Saturday,463,5
7,19,8,Saturday,612,5
7,19,9,Saturday,742,5
7,19,10,Saturday,941,5
7,19,11,Saturday,999,5
7,19,12,Saturday,1046,5
7,19,13,Saturday,1011,5
7,19,14,Saturday,1186,5
7,19,15,Saturday,1375,5
7,19,16,Saturday,1522,5
7,19,17,Saturday,1527,5
7,19,18,Saturday,1683,5
7,19,19,Saturday,1385,5
7,19,20,Saturday,1525,5
7,19,21,Saturday,1721,5
7,19,22,Saturday,1893,5
7,19,23,Saturday,1629,5
7,20,0,Sunday,1353,6
7,20,1,Sunday,1065,6
7,20,2,Sunday,764,6
7,20,3,Sunday,562,6
7,20,4,Sunday,268,6
7,20,5,Sunday,258,6
7,20,6,Sunday,285,6
7,20,7,Sunday,390,6
7,20,8,Sunday,514,6
7,20,9,Sunday,727,6
7,20,10,Sunday,868,6
7,20,11,Sunday,1054,6
7,20,12,Sunday,995,6
7,20,13,Sunday,1194,6
7,20,14,Sunday,1274,6
7,20,15,Sunday,1303,6
7,20,16,Sunday,1318,6
7,20,17,Sunday,1393,6
7,20,18,Sunday,1130,6
7,20,19,Sunday,957,6
7,20,20,Sunday,1108,6
7,20,21,Sunday,1049,6
7,20,22,Sunday,889,6
7,20,23,Sunday,494,6
7,21,0,Monday,253,0
7,21,1,Monday,129,0
7,21,2,Monday,110,0
7,21,3,Monday,292,0
7,21,4,Monday,432,0
7,21,5,Monday,677,0
7,21,6,Monday,966,0
7,21,7,Monday,1361,0
7,21,8,Monday,1263,0
7,21,9,Monday,963,0
7,21,10,Monday,902,0
7,21,11,Monday,917,0
7,21,12,Monday,956,0
7,21,13,Monday,1043,0
7,21,14,Monday,1200,0
7,21,15,Monday,1384,0
7,21,16,Monday,1673,0
7,21,17,Monday,1816,0
7,21,18,Monday,1636,0
7,21,19,Monday,1436,0
7,21,20,Monday,1428,0
7,21,21,Monday,1265,0
7,21,22,Monday,932,0
7,21,23,Monday,544,0
7,22,0,Tuesday,291,1
7,22,1,Tuesday,161,1
7,22,2,Tuesday,131,1
7,22,3,Tuesday,200,1
7,22,4,Tuesday,321,1
7,22,5,Tuesday,621,1
7,22,6,Tuesday,1056,1
7,22,7,Tuesday,1413,1
7,22,8,Tuesday,1492,1
7,22,9,Tuesday,1146,1
7,22,10,Tuesday,1074,1
7,22,11,Tuesday,1113,1
7,22,12,Tuesday,1118,1
7,22,13,Tuesday,1314,1
7,22,14,Tuesday,1486,1
7,22,15,Tuesday,1742,1
7,22,16,Tuesday,2207,1
7,22,17,Tuesday,2413,1
7,22,18,Tuesday,2196,1
7,22,19,Tuesday,1841,1
7,22,20,Tuesday,1907,1
7,22,21,Tuesday,1745,1
7,22,22,Tuesday,1306,1
7,22,23,Tuesday,735,1
7,23,0,Wednesday,379,2
7,23,1,Wednesday,211,2
7,23,2,Wednesday,177,2
7,23,3,Wednesday,243,2
7,23,4,Wednesday,370,2
7,23,5,Wednesday,619,2
7,23,6,Wednesday,1059,2
7,23,7,Wednesday,1476,2
7,23,8,Wednesday,1529,2
7,23,9,Wednesday,1199,2
7,23,10,Wednesday,1175,2
7,23,11,Wednesday,1230,2
7,23,12,Wednesday,1272,2
7,23,13,Wednesday,1514,2
7,23,14,Wednesday,1758,2
7,23,15,Wednesday,2072,2
7,23,16,Wednesday,2371,2
7,23,17,Wednesday,2519,2
7,23,18,Wednesday,2434,2
7,23,19,Wednesday,2320,2
7,23,20,Wednesday,2791,2
7,23,21,Wednesday,2559,2
7,23,22,Wednesday,1858,2
7,23,23,Wednesday,938,2
7,24,0,Thursday,446,3
7,24,1,Thursday,223,3
7,24,2,Thursday,176,3
7,24,3,Thursday,252,3
7,24,4,Thursday,420,3
7,24,5,Thursday,645,3
7,24,6,Thursday,1002,3
7,24,7,Thursday,1353,3
7,24,8,Thursday,1429,3
7,24,9,Thursday,1230,3
7,24,10,Thursday,1110,3
7,24,11,Thursday,1218,3
7,24,12,Thursday,1142,3
7,24,13,Thursday,1283,3
7,24,14,Thursday,1535,3
7,24,15,Thursday,1704,3
7,24,16,Thursday,2109,3
7,24,17,Thursday,2385,3
7,24,18,Thursday,2372,3
7,24,19,Thursday,2316,3
7,24,20,Thursday,2277,3
7,24,21,Thursday,2152,3
7,24,22,Thursday,1986,3
7,24,23,Thursday,1285,3
7,25,0,Friday,714,4
7,25,1,Friday,447,4
7,25,2,Friday,290,4
7,25,3,Friday,323,4
7,25,4,Friday,401,4
7,25,5,Friday,595,4
7,25,6,Friday,901,4
7,25,7,Friday,1241,4
7,25,8,Friday,1305,4
7,25,9,Friday,1112,4
7,25,10,Friday,1036,4
7,25,11,Friday,1046,4
7,25,12,Friday,1014,4
7,25,13,Friday,1187,4
7,25,14,Friday,1530,4
7,25,15,Friday,1669,4
7,25,16,Friday,1897,4
7,25,17,Friday,2031,4
7,25,18,Friday,2008,4
7,25,19,Friday,1793,4
7,25,20,Friday,1804,4
7,25,21,Friday,1934,4
7,25,22,Friday,1942,4
7,25,23,Friday,1755,4
7,26,0,Saturday,1245,5
7,26,1,Saturday,940,5
7,26,2,Saturday,677,5
7,26,3,Saturday,509,5
7,26,4,Saturday,376,5
7,26,5,Saturday,330,5
7,26,6,Saturday,368,5
7,26,7,Saturday,496,5
7,26,8,Saturday,647,5
7,26,9,Saturday,804,5
7,26,10,Saturday,986,5
7,26,11,Saturday,1069,5
7,26,12,Saturday,1132,5
7,26,13,Saturday,1179,5
7,26,14,Saturday,1377,5
7,26,15,Saturday,1657,5
7,26,16,Saturday,1725,5
7,26,17,Saturday,1642,5
7,26,18,Saturday,1814,5
7,26,19,Saturday,1560,5
7,26,20,Saturday,1755,5
7,26,21,Saturday,1840,5
7,26,22,Saturday,1854,5
7,26,23,Saturday,1726,5
7,27,0,Sunday,1303,6
7,27,1,Sunday,1016,6
7,27,2,Sunday,816,6
7,27,3,Sunday,639,6
7,27,4,Sunday,322,6
7,27,5,Sunday,277,6
7,27,6,Sunday,322,6
7,27,7,Sunday,352,6
7,27,8,Sunday,588,6
7,27,9,Sunday,761,6
7,27,10,Sunday,960,6
7,27,11,Sunday,1170,6
7,27,12,Sunday,1136,6
7,27,13,Sunday,1292,6
7,27,14,Sunday,1324,6
7,27,15,Sunday,1412,6
7,27,16,Sunday,1497,6
7,27,17,Sunday,1432,6
7,27,18,Sunday,1245,6
7,27,19,Sunday,1091,6
7,27,20,Sunday,1112,6
7,27,21,Sunday,1038,6
7,27,22,Sunday,879,6
7,27,23,Sunday,606,6
7,28,0,Monday,424,0
7,28,1,Monday,195,0
7,28,2,Monday,148,0
7,28,3,Monday,256,0
7,28,4,Monday,418,0
7,28,5,Monday,591,0
7,28,6,Monday,978,0
7,28,7,Monday,1229,0
7,28,8,Monday,1374,0
7,28,9,Monday,1105,0
7,28,10,Monday,957,0
7,28,11,Monday,1015,0
7,28,12,Monday,964,0
7,28,13,Monday,1058,0
7,28,14,Monday,1224,0
7,28,15,Monday,1258,0
7,28,16,Monday,1546,0
7,28,17,Monday,1781,0
7,28,18,Monday,1664,0
7,28,19,Monday,1512,0
7,28,20,Monday,1480,0
7,28,21,Monday,1271,0
7,28,22,Monday,955,0
7,28,23,Monday,578,0
7,29,0,Tuesday,308,1
7,29,1,Tuesday,173,1
7,29,2,Tuesday,134,1
7,29,3,Tuesday,204,1
7,29,4,Tuesday,329,1
7,29,5,Tuesday,619,1
7,29,6,Tuesday,1009,1
7,29,7,Tuesday,1345,1
7,29,8,Tuesday,1382,1
7,29,9,Tuesday,1033,1
7,29,10,Tuesday,1054,1
7,29,11,Tuesday,1017,1
7,29,12,Tuesday,988,1
7,29,13,Tuesday,1089,1
7,29,14,Tuesday,1361,1
7,29,15,Tuesday,1598,1
7,29,16,Tuesday,1869,1
7,29,17,Tuesday,2273,1
7,29,18,Tuesday,2127,1
7,29,19,Tuesday,1940,1
7,29,20,Tuesday,1977,1
7,29,21,Tuesday,1738,1
7,29,22,Tuesday,1234,1
7,29,23,Tuesday,788,1
7,30,0,Wednesday,362,2
7,30,1,Wednesday,185,2
7,30,2,Wednesday,176,2
7,30,3,Wednesday,247,2
7,30,4,Wednesday,356,2
7,30,5,Wednesday,597,2
7,30,6,Wednesday,1084,2
7,30,7,Wednesday,1400,2
7,30,8,Wednesday,1501,2
7,30,9,Wednesday,1224,2
7,30,10,Wednesday,1152,2
7,30,11,Wednesday,1112,2
7,30,12,Wednesday,1196,2
7,30,13,Wednesday,1240,2
7,30,14,Wednesday,1497,2
7,30,15,Wednesday,1767,2
7,30,16,Wednesday,2136,2
7,30,17,Wednesday,2414,2
7,30,18,Wednesday,2274,2
7,30,19,Wednesday,2080,2
7,30,20,Wednesday,2183,2
7,30,21,Wednesday,2037,2
7,30,22,Wednesday,1591,2
7,30,23,Wednesday,929,2
7,31,0,Thursday,493,3
7,31,1,Thursday,279,3
7,31,2,Thursday,218,3
7,31,3,Thursday,291,3
7,31,4,Thursday,417,3
7,31,5,Thursday,601,3
7,31,6,Thursday,1084,3
7,31,7,Thursday,1458,3
7,31,8,Thursday,1426,3
7,31,9,Thursday,1238,3
7,31,10,Thursday,1131,3
7,31,11,Thursday,1101,3
7,31,12,Thursday,1133,3
7,31,13,Thursday,1347,3
7,31,14,Thursday,1600,3
7,31,15,Thursday,1927,3
7,31,16,Thursday,2154,3
7,31,17,Thursday,2466,3
7,31,18,Thursday,2531,3
7,31,19,Thursday,2430,3
7,31,20,Thursday,2460,3
7,31,21,Thursday,2275,3
7,31,22,Thursday,2099,3
7,31,23,Thursday,1382,3
8,1,0,Friday,734,4
8,1,1,Friday,451,4
8,1,2,Friday,289,4
8,1,3,Friday,318,4
8,1,4,Friday,412,4
8,1,5,Friday,604,4
8,1,6,Friday,928,4
8,1,7,Friday,1307,4
8,1,8,Friday,1337,4
8,1,9,Friday,1153,4
8,1,10,Friday,1109,4
8,1,11,Friday,1079,4
8,1,12,Friday,1085,4
8,1,13,Friday,1398,4
8,1,14,Friday,1585,4
8,1,15,Friday,1885,4
8,1,16,Friday,2122,4
8,1,17,Friday,2242,4
8,1,18,Friday,2196,4
8,1,19,Friday,2120,4
8,1,20,Friday,1923,4
8,1,21,Friday,2035,4
8,1,22,Friday,2247,4
8,1,23,Friday,1794,4
8,2,0,Saturday,1328,5
8,2,1,Saturday,996,5
8,2,2,Saturday,645,5
8,2,3,Saturday,532,5
8,2,4,Saturday,407,5
8,2,5,Saturday,417,5
8,2,6,Saturday,464,5
8,2,7,Saturday,553,5
8,2,8,Saturday,719,5
8,2,9,Saturday,797,5
8,2,10,Saturday,867,5
8,2,11,Saturday,953,5
8,2,12,Saturday,1053,5
8,2,13,Saturday,1110,5
8,2,14,Saturday,1362,5
8,2,15,Saturday,1615,5
8,2,16,Saturday,1701,5
8,2,17,Saturday,1756,5
8,2,18,Saturday,1934,5
8,2,19,Saturday,1844,5
8,2,20,Saturday,1813,5
8,2,21,Saturday,1938,5
8,2,22,Saturday,2096,5
8,2,23,Saturday,1778,5
8,3,0,Sunday,1543,6
8,3,1,Sunday,1109,6
8,3,2,Sunday,736,6
8,3,3,Sunday,564,6
8,3,4,Sunday,315,6
8,3,5,Sunday,332,6
8,3,6,Sunday,323,6
8,3,7,Sunday,468,6
8,3,8,Sunday,556,6
8,3,9,Sunday,732,6
8,3,10,Sunday,1002,6
8,3,11,Sunday,1118,6
8,3,12,Sunday,1110,6
8,3,13,Sunday,1144,6
8,3,14,Sunday,1274,6
8,3,15,Sunday,1394,6
8,3,16,Sunday,1574,6
8,3,17,Sunday,1540,6
8,3,18,Sunday,1304,6
8,3,19,Sunday,1232,6
8,3,20,Sunday,1253,6
8,3,21,Sunday,1117,6
8,3,22,Sunday,847,6
8,3,23,Sunday,559,6
8,4,0,Monday,304,0
8,4,1,Monday,165,0
8,4,2,Monday,126,0
8,4,3,Monday,308,0
8,4,4,Monday,425,0
8,4,5,Monday,691,0
8,4,6,Monday,1111,0
8,4,7,Monday,1420,0
8,4,8,Monday,1345,0
8,4,9,Monday,1022,0
8,4,10,Monday,1008,0
8,4,11,Monday,982,0
8,4,12,Monday,916,0
8,4,13,Monday,1103,0
8,4,14,Monday,1275,0
8,4,15,Monday,1424,0
8,4,16,Monday,1705,0
8,4,17,Monday,1885,0
8,4,18,Monday,1766,0
8,4,19,Monday,1572,0
8,4,20,Monday,1528,0
8,4,21,Monday,1298,0
8,4,22,Monday,953,0
8,4,23,Monday,620,0
8,5,0,Tuesday,310,1
8,5,1,Tuesday,186,1
8,5,2,Tuesday,134,1
8,5,3,Tuesday,216,1
8,5,4,Tuesday,351,1
8,5,5,Tuesday,632,1
8,5,6,Tuesday,1007,1
8,5,7,Tuesday,1432,1
8,5,8,Tuesday,1397,1
8,5,9,Tuesday,1109,1
8,5,10,Tuesday,1050,1
8,5,11,Tuesday,1109,1
8,5,12,Tuesday,1070,1
8,5,13,Tuesday,1166,1
8,5,14,Tuesday,1481,1
8,5,15,Tuesday,1677,1
8,5,16,Tuesday,1965,1
8,5,17,Tuesday,2205,1
8,5,18,Tuesday,2030,1
8,5,19,Tuesday,1873,1
8,5,20,Tuesday,1933,1
8,5,21,Tuesday,1744,1
8,5,22,Tuesday,1276,1
8,5,23,Tuesday,741,1
8,6,0,Wednesday,389,2
8,6,1,Wednesday,213,2
8,6,2,Wednesday,177,2
8,6,3,Wednesday,270,2
8,6,4,Wednesday,412,2
8,6,5,Wednesday,709,2
8,6,6,Wednesday,1130,2
8,6,7,Wednesday,1525,2
8,6,8,Wednesday,1461,2
8,6,9,Wednesday,1187,2
8,6,10,Wednesday,1102,2
8,6,11,Wednesday,1170,2
8,6,12,Wednesday,1142,2
8,6,13,Wednesday,1227,2
8,6,14,Wednesday,1456,2
8,6,15,Wednesday,1770,2
8,6,16,Wednesday,2052,2
8,6,17,Wednesday,2365,2
8,6,18,Wednesday,2164,2
8,6,19,Wednesday,2054,2
8,6,20,Wednesday,2098,2
8,6,21,Wednesday,2006,2
8,6,22,Wednesday,1547,2
8,6,23,Wednesday,869,2
8,7,0,Thursday,476,3
8,7,1,Thursday,269,3
8,7,2,Thursday,190,3
8,7,3,Thursday,293,3
8,7,4,Thursday,440,3
8,7,5,Thursday,684,3
8,7,6,Thursday,1055,3
8,7,7,Thursday,1426,3
8,7,8,Thursday,1448,3
8,7,9,Thursday,1156,3
8,7,10,Thursday,1151,3
8,7,11,Thursday,1227,3
8,7,12,Thursday,1157,3
8,7,13,Thursday,1279,3
8,7,14,Thursday,1554,3
8,7,15,Thursday,1827,3
8,7,16,Thursday,2134,3
8,7,17,Thursday,2407,3
8,7,18,Thursday,2429,3
8,7,19,Thursday,2242,3
8,7,20,Thursday,2305,3
8,7,21,Thursday,2262,3
8,7,22,Thursday,2002,3
8,7,23,Thursday,1346,3
8,8,0,Friday,700,4
8,8,1,Friday,404,4
8,8,2,Friday,288,4
8,8,3,Friday,363,4
8,8,4,Friday,467,4
8,8,5,Friday,640,4
8,8,6,Friday,967,4
8,8,7,Friday,1367,4
8,8,8,Friday,1355,4
8,8,9,Friday,1103,4
8,8,10,Friday,1078,4
8,8,11,Friday,1080,4
8,8,12,Friday,1034,4
8,8,13,Friday,1263,4
8,8,14,Friday,1357,4
8,8,15,Friday,1760,4
8,8,16,Friday,1874,4
8,8,17,Friday,2015,4
8,8,18,Friday,1978,4
8,8,19,Friday,1992,4
8,8,20,Friday,1746,4
8,8,21,Friday,1929,4
8,8,22,Friday,2001,4
8,8,23,Friday,1650,4
8,9,0,Saturday,1248,5
8,9,1,Saturday,856,5
8,9,2,Saturday,618,5
8,9,3,Saturday,461,5
8,9,4,Saturday,333,5
8,9,5,Saturday,340,5
8,9,6,Saturday,379,5
8,9,7,Saturday,482,5
8,9,8,Saturday,555,5
8,9,9,Saturday,690,5
8,9,10,Saturday,793,5
8,9,11,Saturday,874,5
8,9,12,Saturday,1020,5
8,9,13,Saturday,1103,5
8,9,14,Saturday,1254,5
8,9,15,Saturday,1476,5
8,9,16,Saturday,1589,5
8,9,17,Saturday,1743,5
8,9,18,Saturday,1819,5
8,9,19,Saturday,1634,5
8,9,20,Saturday,1644,5
8,9,21,Saturday,1777,5
8,9,22,Saturday,1957,5
8,9,23,Saturday,1641,5
8,10,0,Sunday,1325,6
8,10,1,Sunday,956,6
8,10,2,Sunday,695,6
8,10,3,Sunday,480,6
8,10,4,Sunday,297,6
8,10,5,Sunday,270,6
8,10,6,Sunday,264,6
8,10,7,Sunday,358,6
8,10,8,Sunday,500,6
8,10,9,Sunday,669,6
8,10,10,Sunday,818,6
8,10,11,Sunday,890,6
8,10,12,Sunday,951,6
8,10,13,Sunday,1070,6
8,10,14,Sunday,1090,6
8,10,15,Sunday,1206,6
8,10,16,Sunday,1313,6
8,10,17,Sunday,1369,6
8,10,18,Sunday,1190,6
8,10,19,Sunday,1237,6
8,10,20,Sunday,1155,6
8,10,21,Sunday,1041,6
8,10,22,Sunday,868,6
8,10,23,Sunday,572,6
8,11,0,Monday,288,0
8,11,1,Monday,153,0
8,11,2,Monday,153,0
8,11,3,Monday,289,0
8,11,4,Monday,469,0
8,11,5,Monday,697,0
8,11,6,Monday,985,0
8,11,7,Monday,1297,0
8,11,8,Monday,1230,0
8,11,9,Monday,932,0
8,11,10,Monday,963,0
8,11,11,Monday,891,0
8,11,12,Monday,908,0
8,11,13,Monday,971,0
8,11,14,Monday,1088,0
8,11,15,Monday,1243,0
8,11,16,Monday,1437,0
8,11,17,Monday,1627,0
8,11,18,Monday,1544,0
8,11,19,Monday,1458,0
8,11,20,Monday,1398,0
8,11,21,Monday,1156,0
8,11,22,Monday,926,0
8,11,23,Monday,529,0
8,12,0,Tuesday,290,1
8,12,1,Tuesday,185,1
8,12,2,Tuesday,111,1
8,12,3,Tuesday,137,1
8,12,4,Tuesday,353,1
8,12,5,Tuesday,538,1
8,12,6,Tuesday,987,1
8,12,7,Tuesday,1431,1
8,12,8,Tuesday,1410,1
8,12,9,Tuesday,1035,1
8,12,10,Tuesday,955,1
8,12,11,Tuesday,1066,1
8,12,12,Tuesday,979,1
8,12,13,Tuesday,1243,1
8,12,14,Tuesday,1579,1
8,12,15,Tuesday,1805,1
8,12,16,Tuesday,2114,1
8,12,17,Tuesday,2432,1
8,12,18,Tuesday,2831,1
8,12,19,Tuesday,2134,1
8,12,20,Tuesday,2096,1
8,12,21,Tuesday,1758,1
8,12,22,Tuesday,1346,1
8,12,23,Tuesday,831,1
8,13,0,Wednesday,567,2
8,13,1,Wednesday,299,2
8,13,2,Wednesday,197,2
8,13,3,Wednesday,242,2
8,13,4,Wednesday,402,2
8,13,5,Wednesday,697,2
8,13,6,Wednesday,1438,2
8,13,7,Wednesday,1763,2
8,13,8,Wednesday,1755,2
8,13,9,Wednesday,1254,2
8,13,10,Wednesday,1126,2
8,13,11,Wednesday,1089,2
8,13,12,Wednesday,1098,2
8,13,13,Wednesday,1133,2
8,13,14,Wednesday,1256,2
8,13,15,Wednesday,1524,2
8,13,16,Wednesday,1981,2
8,13,17,Wednesday,2164,2
8,13,18,Wednesday,1955,2
8,13,19,Wednesday,1852,2
8,13,20,Wednesday,1956,2
8,13,21,Wednesday,1851,2
8,13,22,Wednesday,1374,2
8,13,23,Wednesday,815,2
8,14,0,Thursday,465,3
8,14,1,Thursday,264,3
8,14,2,Thursday,200,3
8,14,3,Thursday,279,3
8,14,4,Thursday,399,3
8,14,5,Thursday,596,3
8,14,6,Thursday,994,3
8,14,7,Thursday,1382,3
8,14,8,Thursday,1349,3
8,14,9,Thursday,1104,3
8,14,10,Thursday,1090,3
8,14,11,Thursday,1033,3
8,14,12,Thursday,1031,3
8,14,13,Thursday,1128,3
8,14,14,Thursday,1445,3
8,14,15,Thursday,1651,3
8,14,16,Thursday,1959,3
8,14,17,Thursday,2187,3
8,14,18,Thursday,2190,3
8,14,19,Thursday,2154,3
8,14,20,Thursday,2177,3
8,14,21,Thursday,2144,3
8,14,22,Thursday,1952,3
8,14,23,Thursday,1284,3
8,15,0,Friday,627,4
8,15,1,Friday,385,4
8,15,2,Friday,255,4
8,15,3,Friday,325,4
8,15,4,Friday,409,4
8,15,5,Friday,604,4
8,15,6,Friday,909,4
8,15,7,Friday,1336,4
8,15,8,Friday,1342,4
8,15,9,Friday,1041,4
8,15,10,Friday,1052,4
8,15,11,Friday,1078,4
8,15,12,Friday,1068,4
8,15,13,Friday,1149,4
8,15,14,Friday,1331,4
8,15,15,Friday,1630,4
8,15,16,Friday,1806,4
8,15,17,Friday,1926,4
8,15,18,Friday,1939,4
8,15,19,Friday,1803,4
8,15,20,Friday,1647,4
8,15,21,Friday,1801,4
8,15,22,Friday,1888,4
8,15,23,Friday,1623,4
8,16,0,Saturday,1141,5
8,16,1,Saturday,848,5
8,16,2,Saturday,550,5
8,16,3,Saturday,466,5
8,16,4,Saturday,370,5
8,16,5,Saturday,318,5
8,16,6,Saturday,402,5
8,16,7,Saturday,468,5
8,16,8,Saturday,608,5
8,16,9,Saturday,737,5
8,16,10,Saturday,820,5
8,16,11,Saturday,942,5
8,16,12,Saturday,934,5
8,16,13,Saturday,1051,5
8,16,14,Saturday,1212,5
8,16,15,Saturday,1422,5
8,16,16,Saturday,1586,5
8,16,17,Saturday,1783,5
8,16,18,Saturday,1827,5
8,16,19,Saturday,1662,5
8,16,20,Saturday,1625,5
8,16,21,Saturday,1803,5
8,16,22,Saturday,1917,5
8,16,23,Saturday,1742,5
8,17,0,Sunday,1259,6
8,17,1,Sunday,993,6
8,17,2,Sunday,714,6
8,17,3,Sunday,495,6
8,17,4,Sunday,354,6
8,17,5,Sunday,315,6
8,17,6,Sunday,291,6
8,17,7,Sunday,440,6
8,17,8,Sunday,569,6
8,17,9,Sunday,709,6
8,17,10,Sunday,936,6
8,17,11,Sunday,1051,6
8,17,12,Sunday,1049,6
8,17,13,Sunday,1053,6
8,17,14,Sunday,1117,6
8,17,15,Sunday,1267,6
8,17,16,Sunday,1254,6
8,17,17,Sunday,1346,6
8,17,18,Sunday,1269,6
8,17,19,Sunday,1130,6
8,17,20,Sunday,1184,6
8,17,21,Sunday,1013,6
8,17,22,Sunday,839,6
8,17,23,Sunday,562,6
8,18,0,Monday,245,0
8,18,1,Monday,196,0
8,18,2,Monday,132,0
8,18,3,Monday,284,0
8,18,4,Monday,418,0
8,18,5,Monday,688,0
8,18,6,Monday,996,0
8,18,7,Monday,1347,0
8,18,8,Monday,1236,0
8,18,9,Monday,953,0
8,18,10,Monday,862,0
8,18,11,Monday,883,0
8,18,12,Monday,865,0
8,18,13,Monday,965,0
8,18,14,Monday,1121,0
8,18,15,Monday,1243,0
8,18,16,Monday,1420,0
8,18,17,Monday,1536,0
8,18,18,Monday,1425,0
8,18,19,Monday,1396,0
8,18,20,Monday,1340,0
8,18,21,Monday,1119,0
8,18,22,Monday,785,0
8,18,23,Monday,501,0
8,19,0,Tuesday,282,1
8,19,1,Tuesday,190,1
8,19,2,Tuesday,133,1
8,19,3,Tuesday,219,1
8,19,4,Tuesday,312,1
8,19,5,Tuesday,529,1
8,19,6,Tuesday,1007,1
8,19,7,Tuesday,1356,1
8,19,8,Tuesday,1262,1
8,19,9,Tuesday,991,1
8,19,10,Tuesday,927,1
8,19,11,Tuesday,934,1
8,19,12,Tuesday,973,1
8,19,13,Tuesday,1087,1
8,19,14,Tuesday,1225,1
8,19,15,Tuesday,1485,1
8,19,16,Tuesday,1685,1
8,19,17,Tuesday,1882,1
8,19,18,Tuesday,1577,1
8,19,19,Tuesday,1638,1
8,19,20,Tuesday,1672,1
8,19,21,Tuesday,1568,1
8,19,22,Tuesday,1186,1
8,19,23,Tuesday,714,1
8,20,0,Wednesday,377,2
8,20,1,Wednesday,241,2
8,20,2,Wednesday,156,2
8,20,3,Wednesday,237,2
8,20,4,Wednesday,346,2
8,20,5,Wednesday,611,2
8,20,6,Wednesday,1043,2
8,20,7,Wednesday,1448,2
8,20,8,Wednesday,1365,2
8,20,9,Wednesday,1060,2
8,20,10,Wednesday,1114,2
8,20,11,Wednesday,1058,2
8,20,12,Wednesday,1059,2
8,20,13,Wednesday,1229,2
8,20,14,Wednesday,1333,2
8,20,15,Wednesday,1643,2
8,20,16,Wednesday,1854,2
8,20,17,Wednesday,2085,2
8,20,18,Wednesday,1920,2
8,20,19,Wednesday,1806,2
8,20,20,Wednesday,1874,2
8,20,21,Wednesday,1899,2
8,20,22,Wednesday,1360,2
8,20,23,Wednesday,837,2
8,21,0,Thursday,453,3
8,21,1,Thursday,288,3
8,21,2,Thursday,178,3
8,21,3,Thursday,270,3
8,21,4,Thursday,421,3
8,21,5,Thursday,587,3
8,21,6,Thursday,1016,3
8,21,7,Thursday,1482,3
8,21,8,Thursday,1394,3
8,21,9,Thursday,1081,3
8,21,10,Thursday,1063,3
8,21,11,Thursday,1109,3
8,21,12,Thursday,1121,3
8,21,13,Thursday,1276,3
8,21,14,Thursday,1403,3
8,21,15,Thursday,1738,3
8,21,16,Thursday,1896,3
8,21,17,Thursday,2086,3
8,21,18,Thursday,2143,3
8,21,19,Thursday,2158,3
8,21,20,Thursday,2146,3
8,21,21,Thursday,2407,3
8,21,22,Thursday,2547,3
8,21,23,Thursday,2041,3
8,22,0,Friday,881,4
8,22,1,Friday,422,4
8,22,2,Friday,255,4
8,22,3,Friday,309,4
8,22,4,Friday,438,4
8,22,5,Friday,614,4
8,22,6,Friday,950,4
8,22,7,Friday,1351,4
8,22,8,Friday,1401,4
8,22,9,Friday,1080,4
8,22,10,Friday,1044,4
8,22,11,Friday,1076,4
8,22,12,Friday,1059,4
8,22,13,Friday,1284,4
8,22,14,Friday,1479,4
8,22,15,Friday,1846,4
8,22,16,Friday,1925,4
8,22,17,Friday,1857,4
8,22,18,Friday,1792,4
8,22,19,Friday,1741,4
8,22,20,Friday,1588,4
8,22,21,Friday,1705,4
8,22,22,Friday,1745,4
8,22,23,Friday,1670,4
8,23,0,Saturday,1146,5
8,23,1,Saturday,781,5
8,23,2,Saturday,556,5
8,23,3,Saturday,432,5
8,23,4,Saturday,363,5
8,23,5,Saturday,349,5
8,23,6,Saturday,416,5
8,23,7,Saturday,531,5
8,23,8,Saturday,677,5
8,23,9,Saturday,798,5
8,23,10,Saturday,906,5
8,23,11,Saturday,1027,5
8,23,12,Saturday,1062,5
8,23,13,Saturday,1116,5
8,23,14,Saturday,1261,5
8,23,15,Saturday,1574,5
8,23,16,Saturday,1565,5
8,23,17,Saturday,1595,5
8,23,18,Saturday,1792,5
8,23,19,Saturday,1971,5
8,23,20,Saturday,1731,5
8,23,21,Saturday,1820,5
8,23,22,Saturday,1952,5
8,23,23,Saturday,1676,5
8,24,0,Sunday,1354,6
8,24,1,Sunday,1035,6
8,24,2,Sunday,736,6
8,24,3,Sunday,477,6
8,24,4,Sunday,338,6
8,24,5,Sunday,304,6
8,24,6,Sunday,350,6
8,24,7,Sunday,456,6
8,24,8,Sunday,622,6
8,24,9,Sunday,792,6
8,24,10,Sunday,924,6
8,24,11,Sunday,1011,6
8,24,12,Sunday,1024,6
8,24,13,Sunday,1144,6
8,24,14,Sunday,1185,6
8,24,15,Sunday,1340,6
8,24,16,Sunday,1377,6
8,24,17,Sunday,1403,6
8,24,18,Sunday,1247,6
8,24,19,Sunday,1244,6
8,24,20,Sunday,1138,6
8,24,21,Sunday,1058,6
8,24,22,Sunday,933,6
8,24,23,Sunday,544,6
8,25,0,Monday,257,0
8,25,1,Monday,170,0
8,25,2,Monday,149,0
8,25,3,Monday,305,0
8,25,4,Monday,524,0
8,25,5,Monday,710,0
8,25,6,Monday,1006,0
8,25,7,Monday,1293,0
8,25,8,Monday,1249,0
8,25,9,Monday,937,0
8,25,10,Monday,833,0
8,25,11,Monday,836,0
8,25,12,Monday,875,0
8,25,13,Monday,956,0
8,25,14,Monday,1088,0
8,25,15,Monday,1341,0
8,25,16,Monday,1412,0
8,25,17,Monday,1460,0
8,25,18,Monday,1400,0
8,25,19,Monday,1347,0
8,25,20,Monday,1320,0
8,25,21,Monday,1202,0
8,25,22,Monday,895,0
8,25,23,Monday,528,0
8,26,0,Tuesday,233,1
8,26,1,Tuesday,172,1
8,26,2,Tuesday,130,1
8,26,3,Tuesday,200,1
8,26,4,Tuesday,321,1
8,26,5,Tuesday,571,1
8,26,6,Tuesday,974,1
8,26,7,Tuesday,1395,1
8,26,8,Tuesday,1281,1
8,26,9,Tuesday,1061,1
8,26,10,Tuesday,964,1
8,26,11,Tuesday,984,1
8,26,12,Tuesday,970,1
8,26,13,Tuesday,1136,1
8,26,14,Tuesday,1216,1
8,26,15,Tuesday,1394,1
8,26,16,Tuesday,1662,1
8,26,17,Tuesday,1778,1
8,26,18,Tuesday,1561,1
8,26,19,Tuesday,1628,1
8,26,20,Tuesday,1599,1
8,26,21,Tuesday,1560,1
8,26,22,Tuesday,1143,1
8,26,23,Tuesday,617,1
8,27,0,Wednesday,316,2
8,27,1,Wednesday,214,2
8,27,2,Wednesday,135,2
8,27,3,Wednesday,218,2
8,27,4,Wednesday,323,2
8,27,5,Wednesday,594,2
8,27,6,Wednesday,935,2
8,27,7,Wednesday,1425,2
8,27,8,Wednesday,1374,2
8,27,9,Wednesday,1074,2
8,27,10,Wednesday,1097,2
8,27,11,Wednesday,1052,2
8,27,12,Wednesday,1105,2
8,27,13,Wednesday,1190,2
8,27,14,Wednesday,1267,2
8,27,15,Wednesday,1558,2
8,27,16,Wednesday,1795,2
8,27,17,Wednesday,1906,2
8,27,18,Wednesday,1865,2
8,27,19,Wednesday,1795,2
8,27,20,Wednesday,1808,2
8,27,21,Wednesday,1867,2
8,27,22,Wednesday,1321,2
8,27,23,Wednesday,784,2
8,28,0,Thursday,406,3
8,28,1,Thursday,234,3
8,28,2,Thursday,177,3
8,28,3,Thursday,257,3
8,28,4,Thursday,373,3
8,28,5,Thursday,630,3
8,28,6,Thursday,1004,3
8,28,7,Thursday,1400,3
8,28,8,Thursday,1263,3
8,28,9,Thursday,1195,3
8,28,10,Thursday,1130,3
8,28,11,Thursday,1090,3
8,28,12,Thursday,1101,3
8,28,13,Thursday,1213,3
8,28,14,Thursday,1407,3
8,28,15,Thursday,1720,3
8,28,16,Thursday,1829,3
8,28,17,Thursday,1912,3
8,28,18,Thursday,1801,3
8,28,19,Thursday,1958,3
8,28,20,Thursday,1921,3
8,28,21,Thursday,1949,3
8,28,22,Thursday,1562,3
8,28,23,Thursday,1065,3
8,29,0,Friday,594,4
8,29,1,Friday,402,4
8,29,2,Friday,244,4
8,29,3,Friday,345,4
8,29,4,Friday,436,4
8,29,5,Friday,639,4
8,29,6,Friday,897,4
8,29,7,Friday,1240,4
8,29,8,Friday,1318,4
8,29,9,Friday,1135,4
8,29,10,Friday,1141,4
8,29,11,Friday,1111,4
8,29,12,Friday,1135,4
8,29,13,Friday,1273,4
8,29,14,Friday,1445,4
8,29,15,Friday,1682,4
8,29,16,Friday,1674,4
8,29,17,Friday,1615,4
8,29,18,Friday,1579,4
8,29,19,Friday,1571,4
8,29,20,Friday,1417,4
8,29,21,Friday,1605,4
8,29,22,Friday,1607,4
8,29,23,Friday,1319,4
8,30,0,Saturday,965,5
8,30,1,Saturday,728,5
8,30,2,Saturday,488,5
8,30,3,Saturday,402,5
8,30,4,Saturday,320,5
8,30,5,Saturday,377,5
8,30,6,Saturday,428,5
8,30,7,Saturday,507,5
8,30,8,Saturday,669,5
8,30,9,Saturday,841,5
8,30,10,Saturday,931,5
8,30,11,Saturday,966,5
8,30,12,Saturday,1063,5
8,30,13,Saturday,1142,5
8,30,14,Saturday,1187,5
8,30,15,Saturday,1391,5
8,30,16,Saturday,1443,5
8,30,17,Saturday,1414,5
8,30,18,Saturday,1474,5
8,30,19,Saturday,1410,5
8,30,20,Saturday,1379,5
8,30,21,Saturday,1492,5
8,30,22,Saturday,1584,5
8,30,23,Saturday,1329,5
8,31,0,Sunday,948,6
8,31,1,Sunday,666,6
8,31,2,Sunday,558,6
8,31,3,Sunday,383,6
8,31,4,Sunday,226,6
8,31,5,Sunday,238,6
8,31,6,Sunday,251,6
8,31,7,Sunday,378,6
8,31,8,Sunday,519,6
8,31,9,Sunday,767,6
8,31,10,Sunday,850,6
8,31,11,Sunday,1009,6
8,31,12,Sunday,1089,6
8,31,13,Sunday,1162,6
8,31,14,Sunday,1311,6
8,31,15,Sunday,1666,6
8,31,16,Sunday,1778,6
8,31,17,Sunday,1601,6
8,31,18,Sunday,1449,6
8,31,19,Sunday,1352,6
8,31,20,Sunday,1260,6
8,31,21,Sunday,1430,6
8,31,22,Sunday,1352,6
8,31,23,Sunday,1028,6
9,1,0,Monday,699,0
9,1,1,Monday,490,0
9,1,2,Monday,363,0
9,1,3,Monday,333,0
9,1,4,Monday,261,0
9,1,5,Monday,283,0
9,1,6,Monday,330,0
9,1,7,Monday,427,0
9,1,8,Monday,560,0
9,1,9,Monday,765,0
9,1,10,Monday,874,0
9,1,11,Monday,988,0
9,1,12,Monday,1021,0
9,1,13,Monday,1125,0
9,1,14,Monday,1222,0
9,1,15,Monday,1345,0
9,1,16,Monday,1473,0
9,1,17,Monday,1341,0
9,1,18,Monday,1248,0
9,1,19,Monday,1251,0
9,1,20,Monday,1181,0
9,1,21,Monday,1055,0
9,1,22,Monday,818,0
9,1,23,Monday,508,0
9,2,0,Tuesday,209,1
9,2,1,Tuesday,111,1
9,2,2,Tuesday,84,1
9,2,3,Tuesday,293,1
9,2,4,Tuesday,518,1
9,2,5,Tuesday,858,1
9,2,6,Tuesday,1271,1
9,2,7,Tuesday,1596,1
9,2,8,Tuesday,1728,1
9,2,9,Tuesday,1256,1
9,2,10,Tuesday,1162,1
9,2,11,Tuesday,1138,1
9,2,12,Tuesday,1188,1
9,2,13,Tuesday,1288,1
9,2,14,Tuesday,1401,1
9,2,15,Tuesday,1719,1
9,2,16,Tuesday,2046,1
9,2,17,Tuesday,2146,1
9,2,18,Tuesday,1960,1
9,2,19,Tuesday,1765,1
9,2,20,Tuesday,1758,1
9,2,21,Tuesday,1515,1
9,2,22,Tuesday,1122,1
9,2,23,Tuesday,699,1
9,3,0,Wednesday,284,2
9,3,1,Wednesday,151,2
9,3,2,Wednesday,116,2
9,3,3,Wednesday,204,2
9,3,4,Wednesday,356,2
9,3,5,Wednesday,760,2
9,3,6,Wednesday,1383,2
9,3,7,Wednesday,1676,2
9,3,8,Wednesday,1669,2
9,3,9,Wednesday,1394,2
9,3,10,Wednesday,1232,2
9,3,11,Wednesday,1182,2
9,3,12,Wednesday,1205,2
9,3,13,Wednesday,1376,2
9,3,14,Wednesday,1626,2
9,3,15,Wednesday,2035,2
9,3,16,Wednesday,2336,2
9,3,17,Wednesday,2458,2
9,3,18,Wednesday,2376,2
9,3,19,Wednesday,2189,2
9,3,20,Wednesday,2208,2
9,3,21,Wednesday,1917,2
9,3,22,Wednesday,1574,2
9,3,23,Wednesday,924,2
9,4,0,Thursday,492,3
9,4,1,Thursday,266,3
9,4,2,Thursday,180,3
9,4,3,Thursday,247,3
9,4,4,Thursday,384,3
9,4,5,Thursday,760,3
9,4,6,Thursday,1368,3
9,4,7,Thursday,1753,3
9,4,8,Thursday,1801,3
9,4,9,Thursday,1455,3
9,4,10,Thursday,1384,3
9,4,11,Thursday,1399,3
9,4,12,Thursday,1422,3
9,4,13,Thursday,1552,3
9,4,14,Thursday,1874,3
9,4,15,Thursday,2346,3
9,4,16,Thursday,2493,3
9,4,17,Thursday,2735,3
9,4,18,Thursday,3087,3
9,4,19,Thursday,2808,3
9,4,20,Thursday,2617,3
9,4,21,Thursday,2446,3
9,4,22,Thursday,2074,3
9,4,23,Thursday,1417,3
9,5,0,Friday,651,4
9,5,1,Friday,362,4
9,5,2,Friday,233,4
9,5,3,Friday,303,4
9,5,4,Friday,468,4
9,5,5,Friday,827,4
9,5,6,Friday,1333,4
9,5,7,Friday,1707,4
9,5,8,Friday,1859,4
9,5,9,Friday,1609,4
9,5,10,Friday,1485,4
9,5,11,Friday,1432,4
9,5,12,Friday,1445,4
9,5,13,Friday,1713,4
9,5,14,Friday,2057,4
9,5,15,Friday,2323,4
9,5,16,Friday,2655,4
9,5,17,Friday,2961,4
9,5,18,Friday,3151,4
9,5,19,Friday,3157,4
9,5,20,Friday,2738,4
9,5,21,Friday,2793,4
9,5,22,Friday,2763,4
9,5,23,Friday,2294,4
9,6,0,Saturday,1706,5
9,6,1,Saturday,1122,5
9,6,2,Saturday,706,5
9,6,3,Saturday,476,5
9,6,4,Saturday,348,5
9,6,5,Saturday,340,5
9,6,6,Saturday,526,5
9,6,7,Saturday,710,5
9,6,8,Saturday,953,5
9,6,9,Saturday,1085,5
9,6,10,Saturday,1286,5
9,6,11,Saturday,1475,5
9,6,12,Saturday,1600,5
9,6,13,Saturday,1871,5
9,6,14,Saturday,2133,5
9,6,15,Saturday,2414,5
9,6,16,Saturday,2579,5
9,6,17,Saturday,2776,5
9,6,18,Saturday,2854,5
9,6,19,Saturday,2742,5
9,6,20,Saturday,2422,5
9,6,21,Saturday,2713,5
9,6,22,Saturday,3034,5
9,6,23,Saturday,2649,5
9,7,0,Sunday,1830,6
9,7,1,Sunday,1237,6
9,7,2,Sunday,823,6
9,7,3,Sunday,566,6
9,7,4,Sunday,334,6
9,7,5,Sunday,358,6
9,7,6,Sunday,387,6
9,7,7,Sunday,564,6
9,7,8,Sunday,813,6
9,7,9,Sunday,1024,6
9,7,10,Sunday,1227,6
9,7,11,Sunday,1397,6
9,7,12,Sunday,1485,6
9,7,13,Sunday,1639,6
9,7,14,Sunday,1811,6
9,7,15,Sunday,1988,6
9,7,16,Sunday,2147,6
9,7,17,Sunday,2036,6
9,7,18,Sunday,1909,6
9,7,19,Sunday,1708,6
9,7,20,Sunday,1616,6
9,7,21,Sunday,1444,6
9,7,22,Sunday,1162,6
9,7,23,Sunday,629,6
9,8,0,Monday,323,0
9,8,1,Monday,201,0
9,8,2,Monday,157,0
9,8,3,Monday,369,0
9,8,4,Monday,515,0
9,8,5,Monday,910,0
9,8,6,Monday,1222,0
9,8,7,Monday,1673,0
9,8,8,Monday,1725,0
9,8,9,Monday,1288,0
9,8,10,Monday,1204,0
9,8,11,Monday,1211,0
9,8,12,Monday,1190,0
9,8,13,Monday,1345,0
9,8,14,Monday,1577,0
9,8,15,Monday,1895,0
9,8,16,Monday,2092,0
9,8,17,Monday,2254,0
9,8,18,Monday,2221,0
9,8,19,Monday,1971,0
9,8,20,Monday,1823,0
9,8,21,Monday,1487,0
9,8,22,Monday,1117,0
9,8,23,Monday,590,0
9,9,0,Tuesday,312,1
9,9,1,Tuesday,194,1
9,9,2,Tuesday,146,1
9,9,3,Tuesday,242,1
9,9,4,Tuesday,407,1
9,9,5,Tuesday,826,1
9,9,6,Tuesday,1443,1
9,9,7,Tuesday,1778,1
9,9,8,Tuesday,1785,1
9,9,9,Tuesday,1330,1
9,9,10,Tuesday,1293,1
9,9,11,Tuesday,1294,1
9,9,12,Tuesday,1319,1
9,9,13,Tuesday,1639,1
9,9,14,Tuesday,2028,1
9,9,15,Tuesday,2234,1
9,9,16,Tuesday,2237,1
9,9,17,Tuesday,2616,1
9,9,18,Tuesday,2682,1
9,9,19,Tuesday,2379,1
9,9,20,Tuesday,2181,1
9,9,21,Tuesday,1908,1
9,9,22,Tuesday,1427,1
9,9,23,Tuesday,860,1
9,10,0,Wednesday,429,2
9,10,1,Wednesday,310,2
9,10,2,Wednesday,180,2
9,10,3,Wednesday,238,2
9,10,4,Wednesday,396,2
9,10,5,Wednesday,792,2
9,10,6,Wednesday,1353,2
9,10,7,Wednesday,1687,2
9,10,8,Wednesday,1785,2
9,10,9,Wednesday,1434,2
9,10,10,Wednesday,1286,2
9,10,11,Wednesday,1408,2
9,10,12,Wednesday,1372,2
9,10,13,Wednesday,1551,2
9,10,14,Wednesday,1814,2
9,10,15,Wednesday,2218,2
9,10,16,Wednesday,2469,2
9,10,17,Wednesday,2784,2
9,10,18,Wednesday,2839,2
9,10,19,Wednesday,2567,2
9,10,20,Wednesday,2416,2
9,10,21,Wednesday,2050,2
9,10,22,Wednesday,1638,2
9,10,23,Wednesday,894,2
9,11,0,Thursday,480,3
9,11,1,Thursday,296,3
9,11,2,Thursday,185,3
9,11,3,Thursday,279,3
9,11,4,Thursday,445,3
9,11,5,Thursday,326,3
9,11,6,Thursday,1042,3
9,11,7,Thursday,1563,3
9,11,8,Thursday,1742,3
9,11,9,Thursday,1408,3
9,11,10,Thursday,1251,3
9,11,11,Thursday,1332,3
9,11,12,Thursday,1331,3
9,11,13,Thursday,1577,3
9,11,14,Thursday,1903,3
9,11,15,Thursday,2200,3
9,11,16,Thursday,2596,3
9,11,17,Thursday,2852,3
9,11,18,Thursday,2908,3
9,11,19,Thursday,2724,3
9,11,20,Thursday,2537,3
9,11,21,Thursday,2430,3
9,11,22,Thursday,1812,3
9,11,23,Thursday,1220,3
9,12,0,Friday,600,4
9,12,1,Friday,390,4
9,12,2,Friday,262,4
9,12,3,Friday,330,4
9,12,4,Friday,478,4
9,12,5,Friday,820,4
9,12,6,Friday,1287,4
9,12,7,Friday,1667,4
9,12,8,Friday,1746,4
9,12,9,Friday,1394,4
9,12,10,Friday,1358,4
9,12,11,Friday,1284,4
9,12,12,Friday,1321,4
9,12,13,Friday,1545,4
9,12,14,Friday,1717,4
9,12,15,Friday,2068,4
9,12,16,Friday,2328,4
9,12,17,Friday,2692,4
9,12,18,Friday,2915,4
9,12,19,Friday,2890,4
9,12,20,Friday,2542,4
9,12,21,Friday,2710,4
9,12,22,Friday,2778,4
9,12,23,Friday,2418,4
9,13,0,Saturday,1816,5
9,13,1,Saturday,1219,5
9,13,2,Saturday,783,5
9,13,3,Saturday,527,5
9,13,4,Saturday,363,5
9,13,5,Saturday,409,5
9,13,6,Saturday,489,5
9,13,7,Saturday,660,5
9,13,8,Saturday,934,5
9,13,9,Saturday,1062,5
9,13,10,Saturday,1301,5
9,13,11,Saturday,1458,5
9,13,12,Saturday,1523,5
9,13,13,Saturday,1794,5
9,13,14,Saturday,2733,5
9,13,15,Saturday,3056,5
9,13,16,Saturday,3024,5
9,13,17,Saturday,3023,5
9,13,18,Saturday,3437,5
9,13,19,Saturday,3332,5
9,13,20,Saturday,2601,5
9,13,21,Saturday,2625,5
9,13,22,Saturday,2577,5
9,13,23,Saturday,2459,5
9,14,0,Sunday,1804,6
9,14,1,Sunday,1261,6
9,14,2,Sunday,877,6
9,14,3,Sunday,550,6
9,14,4,Sunday,365,6
9,14,5,Sunday,383,6
9,14,6,Sunday,419,6
9,14,7,Sunday,566,6
9,14,8,Sunday,770,6
9,14,9,Sunday,969,6
9,14,10,Sunday,1123,6
9,14,11,Sunday,1359,6
9,14,12,Sunday,1323,6
9,14,13,Sunday,1512,6
9,14,14,Sunday,1587,6
9,14,15,Sunday,1786,6
9,14,16,Sunday,1903,6
9,14,17,Sunday,1870,6
9,14,18,Sunday,1796,6
9,14,19,Sunday,1624,6
9,14,20,Sunday,1521,6
9,14,21,Sunday,1237,6
9,14,22,Sunday,1012,6
9,14,23,Sunday,505,6
9,15,0,Monday,257,0
9,15,1,Monday,172,0
9,15,2,Monday,158,0
9,15,3,Monday,346,0
9,15,4,Monday,571,0
9,15,5,Monday,883,0
9,15,6,Monday,1357,0
9,15,7,Monday,1694,0
9,15,8,Monday,1706,0
9,15,9,Monday,1249,0
9,15,10,Monday,1032,0
9,15,11,Monday,1055,0
9,15,12,Monday,1060,0
9,15,13,Monday,1277,0
9,15,14,Monday,1454,0
9,15,15,Monday,1766,0
9,15,16,Monday,2186,0
9,15,17,Monday,2348,0
9,15,18,Monday,2155,0
9,15,19,Monday,1910,0
9,15,20,Monday,1847,0
9,15,21,Monday,1378,0
9,15,22,Monday,1020,0
9,15,23,Monday,573,0
9,16,0,Tuesday,268,1
9,16,1,Tuesday,139,1
9,16,2,Tuesday,125,1
9,16,3,Tuesday,220,1
9,16,4,Tuesday,370,1
9,16,5,Tuesday,797,1
9,16,6,Tuesday,1668,1
9,16,7,Tuesday,2308,1
9,16,8,Tuesday,2511,1
9,16,9,Tuesday,2021,1
9,16,10,Tuesday,1804,1
9,16,11,Tuesday,1360,1
9,16,12,Tuesday,1265,1
9,16,13,Tuesday,1407,1
9,16,14,Tuesday,1757,1
9,16,15,Tuesday,2129,1
9,16,16,Tuesday,2542,1
9,16,17,Tuesday,2744,1
9,16,18,Tuesday,2582,1
9,16,19,Tuesday,2279,1
9,16,20,Tuesday,2123,1
9,16,21,Tuesday,1793,1
9,16,22,Tuesday,1233,1
9,16,23,Tuesday,647,1
9,17,0,Wednesday,363,2
9,17,1,Wednesday,204,2
9,17,2,Wednesday,156,2
9,17,3,Wednesday,257,2
9,17,4,Wednesday,437,2
9,17,5,Wednesday,774,2
9,17,6,Wednesday,1553,2
9,17,7,Wednesday,1963,2
9,17,8,Wednesday,1675,2
9,17,9,Wednesday,1283,2
9,17,10,Wednesday,1235,2
9,17,11,Wednesday,1195,2
9,17,12,Wednesday,1312,2
9,17,13,Wednesday,1557,2
9,17,14,Wednesday,1768,2
9,17,15,Wednesday,2154,2
9,17,16,Wednesday,2519,2
9,17,17,Wednesday,2750,2
9,17,18,Wednesday,2764,2
9,17,19,Wednesday,2511,2
9,17,20,Wednesday,2479,2
9,17,21,Wednesday,2168,2
9,17,22,Wednesday,1617,2
9,17,23,Wednesday,837,2
9,18,0,Thursday,408,3
9,18,1,Thursday,242,3
9,18,2,Thursday,168,3
9,18,3,Thursday,273,3
9,18,4,Thursday,455,3
9,18,5,Thursday,857,3
9,18,6,Thursday,1439,3
9,18,7,Thursday,1914,3
9,18,8,Thursday,1820,3
9,18,9,Thursday,1349,3
9,18,10,Thursday,1280,3
9,18,11,Thursday,1319,3
9,18,12,Thursday,1303,3
9,18,13,Thursday,1603,3
9,18,14,Thursday,1866,3
9,18,15,Thursday,2272,3
9,18,16,Thursday,2685,3
9,18,17,Thursday,3133,3
9,18,18,Thursday,3225,3
9,18,19,Thursday,3206,3
9,18,20,Thursday,2877,3
9,18,21,Thursday,2836,3
9,18,22,Thursday,2271,3
9,18,23,Thursday,1473,3
9,19,0,Friday,656,4
9,19,1,Friday,432,4
9,19,2,Friday,268,4
9,19,3,Friday,374,4
9,19,4,Friday,467,4
9,19,5,Friday,784,4
9,19,6,Friday,1403,4
9,19,7,Friday,1799,4
9,19,8,Friday,1770,4
9,19,9,Friday,1380,4
9,19,10,Friday,1322,4
9,19,11,Friday,1307,4
9,19,12,Friday,1356,4
9,19,13,Friday,1570,4
9,19,14,Friday,1919,4
9,19,15,Friday,2267,4
9,19,16,Friday,2510,4
9,19,17,Friday,2896,4
9,19,18,Friday,3210,4
9,19,19,Friday,2936,4
9,19,20,Friday,2625,4
9,19,21,Friday,2758,4
9,19,22,Friday,2709,4
9,19,23,Friday,2299,4
9,20,0,Saturday,1701,5
9,20,1,Saturday,1164,5
9,20,2,Saturday,717,5
9,20,3,Saturday,499,5
9,20,4,Saturday,386,5
9,20,5,Saturday,373,5
9,20,6,Saturday,547,5
9,20,7,Saturday,741,5
9,20,8,Saturday,906,5
9,20,9,Saturday,1114,5
9,20,10,Saturday,1269,5
9,20,11,Saturday,1434,5
9,20,12,Saturday,1532,5
9,20,13,Saturday,1672,5
9,20,14,Saturday,1977,5
9,20,15,Saturday,2157,5
9,20,16,Saturday,2453,5
9,20,17,Saturday,2660,5
9,20,18,Saturday,2675,5
9,20,19,Saturday,2666,5
9,20,20,Saturday,2452,5
9,20,21,Saturday,2522,5
9,20,22,Saturday,2653,5
9,20,23,Saturday,2594,5
9,21,0,Sunday,2443,6
9,21,1,Sunday,2025,6
9,21,2,Sunday,1164,6
9,21,3,Sunday,583,6
9,21,4,Sunday,379,6
9,21,5,Sunday,400,6
9,21,6,Sunday,432,6
9,21,7,Sunday,561,6
9,21,8,Sunday,723,6
9,21,9,Sunday,932,6
9,21,10,Sunday,1122,6
9,21,11,Sunday,1258,6
9,21,12,Sunday,1348,6
9,21,13,Sunday,1474,6
9,21,14,Sunday,1549,6
9,21,15,Sunday,1565,6
9,21,16,Sunday,1683,6
9,21,17,Sunday,1654,6
9,21,18,Sunday,1684,6
9,21,19,Sunday,1530,6
9,21,20,Sunday,1378,6
9,21,21,Sunday,1230,6
9,21,22,Sunday,932,6
9,21,23,Sunday,571,6
9,22,0,Monday,277,0
9,22,1,Monday,165,0
9,22,2,Monday,149,0
9,22,3,Monday,346,0
9,22,4,Monday,550,0
9,22,5,Monday,943,0
9,22,6,Monday,1357,0
9,22,7,Monday,1671,0
9,22,8,Monday,1606,0
9,22,9,Monday,1186,0
9,22,10,Monday,1135,0
9,22,11,Monday,1069,0
9,22,12,Monday,1048,0
9,22,13,Monday,1201,0
9,22,14,Monday,1391,0
9,22,15,Monday,1643,0
9,22,16,Monday,1879,0
9,22,17,Monday,1943,0
9,22,18,Monday,1934,0
9,22,19,Monday,1801,0
9,22,20,Monday,1740,0
9,22,21,Monday,1550,0
9,22,22,Monday,1072,0
9,22,23,Monday,656,0
9,23,0,Tuesday,332,1
9,23,1,Tuesday,175,1
9,23,2,Tuesday,125,1
9,23,3,Tuesday,231,1
9,23,4,Tuesday,383,1
9,23,5,Tuesday,848,1
9,23,6,Tuesday,1429,1
9,23,7,Tuesday,1754,1
9,23,8,Tuesday,1484,1
9,23,9,Tuesday,1201,1
9,23,10,Tuesday,1075,1
9,23,11,Tuesday,1065,1
9,23,12,Tuesday,1039,1
9,23,13,Tuesday,1207,1
9,23,14,Tuesday,1484,1
9,23,15,Tuesday,1725,1
9,23,16,Tuesday,1913,1
9,23,17,Tuesday,2181,1
9,23,18,Tuesday,2335,1
9,23,19,Tuesday,2264,1
9,23,20,Tuesday,2062,1
9,23,21,Tuesday,1845,1
9,23,22,Tuesday,1409,1
9,23,23,Tuesday,750,1
9,24,0,Wednesday,413,2
9,24,1,Wednesday,220,2
9,24,2,Wednesday,145,2
9,24,3,Wednesday,267,2
9,24,4,Wednesday,423,2
9,24,5,Wednesday,804,2
9,24,6,Wednesday,1410,2
9,24,7,Wednesday,1741,2
9,24,8,Wednesday,1536,2
9,24,9,Wednesday,1245,2
9,24,10,Wednesday,1176,2
9,24,11,Wednesday,1242,2
9,24,12,Wednesday,1122,2
9,24,13,Wednesday,1349,2
9,24,14,Wednesday,1659,2
9,24,15,Wednesday,1924,2
9,24,16,Wednesday,2127,2
9,24,17,Wednesday,2302,2
9,24,18,Wednesday,2271,2
9,24,19,Wednesday,2001,2
9,24,20,Wednesday,2005,2
9,24,21,Wednesday,1816,2
9,24,22,Wednesday,1350,2
9,24,23,Wednesday,753,2
9,25,0,Thursday,382,3
9,25,1,Thursday,233,3
9,25,2,Thursday,181,3
9,25,3,Thursday,289,3
9,25,4,Thursday,436,3
9,25,5,Thursday,811,3
9,25,6,Thursday,1737,3
9,25,7,Thursday,2560,3
9,25,8,Thursday,2300,3
9,25,9,Thursday,2118,3
9,25,10,Thursday,1740,3
9,25,11,Thursday,1673,3
9,25,12,Thursday,1585,3
9,25,13,Thursday,1636,3
9,25,14,Thursday,1776,3
9,25,15,Thursday,2069,3
9,25,16,Thursday,2422,3
9,25,17,Thursday,2582,3
9,25,18,Thursday,2518,3
9,25,19,Thursday,2220,3
9,25,20,Thursday,2045,3
9,25,21,Thursday,2108,3
9,25,22,Thursday,1728,3
9,25,23,Thursday,1054,3
9,26,0,Friday,606,4
9,26,1,Friday,346,4
9,26,2,Friday,239,4
9,26,3,Friday,340,4
9,26,4,Friday,406,4
9,26,5,Friday,684,4
9,26,6,Friday,1163,4
9,26,7,Friday,1525,4
9,26,8,Friday,1340,4
9,26,9,Friday,1232,4
9,26,10,Friday,1190,4
9,26,11,Friday,1207,4
9,26,12,Friday,1266,4
9,26,13,Friday,1410,4
9,26,14,Friday,1738,4
9,26,15,Friday,2038,4
9,26,16,Friday,2299,4
9,26,17,Friday,2626,4
9,26,18,Friday,3039,4
9,26,19,Friday,2782,4
9,26,20,Friday,2440,4
9,26,21,Friday,2686,4
9,26,22,Friday,2547,4
9,26,23,Friday,2355,4
9,27,0,Saturday,1686,5
9,27,1,Saturday,1232,5
9,27,2,Saturday,751,5
9,27,3,Saturday,527,5
9,27,4,Saturday,361,5
9,27,5,Saturday,422,5
9,27,6,Saturday,530,5
9,27,7,Saturday,679,5
9,27,8,Saturday,871,5
9,27,9,Saturday,1091,5
9,27,10,Saturday,1276,5
9,27,11,Saturday,1434,5
9,27,12,Saturday,1459,5
9,27,13,Saturday,1712,5
9,27,14,Saturday,1889,5
9,27,15,Saturday,2230,5
9,27,16,Saturday,2438,5
9,27,17,Saturday,2562,5
9,27,18,Saturday,2787,5
9,27,19,Saturday,2683,5
9,27,20,Saturday,2366,5
9,27,21,Saturday,2863,5
9,27,22,Saturday,2909,5
9,27,23,Saturday,2710,5
9,28,0,Sunday,2087,6
9,28,1,Sunday,1410,6
9,28,2,Sunday,982,6
9,28,3,Sunday,659,6
9,28,4,Sunday,416,6
9,28,5,Sunday,477,6
9,28,6,Sunday,445,6
9,28,7,Sunday,589,6
9,28,8,Sunday,803,6
9,28,9,Sunday,990,6
9,28,10,Sunday,1216,6
9,28,11,Sunday,1494,6
9,28,12,Sunday,1481,6
9,28,13,Sunday,1605,6
9,28,14,Sunday,1760,6
9,28,15,Sunday,1828,6
9,28,16,Sunday,1937,6
9,28,17,Sunday,1811,6
9,28,18,Sunday,1800,6
9,28,19,Sunday,1568,6
9,28,20,Sunday,1415,6
9,28,21,Sunday,1253,6
9,28,22,Sunday,1009,6
9,28,23,Sunday,621,6
9,29,0,Monday,329,0
9,29,1,Monday,173,0
9,29,2,Monday,150,0
9,29,3,Monday,386,0
9,29,4,Monday,582,0
9,29,5,Monday,886,0
9,29,6,Monday,1402,0
9,29,7,Monday,1758,0
9,29,8,Monday,1690,0
9,29,9,Monday,1404,0
9,29,10,Monday,1113,0
9,29,11,Monday,1138,0
9,29,12,Monday,1096,0
9,29,13,Monday,1297,0
9,29,14,Monday,1469,0
9,29,15,Monday,1697,0
9,29,16,Monday,1883,0
9,29,17,Monday,1955,0
9,29,18,Monday,2053,0
9,29,19,Monday,1792,0
9,29,20,Monday,1727,0
9,29,21,Monday,1509,0
9,29,22,Monday,1103,0
9,29,23,Monday,609,0
9,30,0,Tuesday,290,1
9,30,1,Tuesday,165,1
9,30,2,Tuesday,129,1
9,30,3,Tuesday,235,1
9,30,4,Tuesday,415,1
9,30,5,Tuesday,867,1
9,30,6,Tuesday,1582,1
9,30,7,Tuesday,2030,1
9,30,8,Tuesday,1866,1
9,30,9,Tuesday,1274,1
9,30,10,Tuesday,1183,1
9,30,11,Tuesday,1214,1
9,30,12,Tuesday,1176,1
9,30,13,Tuesday,1538,1
9,30,14,Tuesday,1704,1
9,30,15,Tuesday,2128,1
9,30,16,Tuesday,2370,1
9,30,17,Tuesday,2682,1
9,30,18,Tuesday,2625,1
9,30,19,Tuesday,2404,1
9,30,20,Tuesday,2246,1
9,30,21,Tuesday,1961,1
9,30,22,Tuesday,1347,1
